,source,target,weight
1,[/unclear,crowd,1
2,[/unclear,sepert,1
3,[/unclear,want,1
4,60',answer,1
5,abide,spirit,1
6,ability,want,1
7,able,better,1
8,able,get,1
9,able,work,2
10,abuse,soldier,1
11,abuse,white,1
12,abusive,deletion,1
13,accept,rank,1
14,accept,work,1
15,acceptable,majority,1
16,acceptance,negro,1
17,accomplish,separate,1
18,accomplish,units,1
19,accomplishment,negro,1
20,accomplishment,total,1
21,accord,ability,1
22,account,difference,1
23,account,racial,1
24,accustom,association,1
25,accustom,color,1
26,accustom,separate,1
27,achieve,victory,1
28,achievement,unclear,1
29,act,less,1
30,act,officer,1
31,act,restraint,1
32,act,think,1
33,act,whites,1
34,actual,combat,2
35,actual,demonstration,1
36,actual,method,1
37,adapt,climate,1
38,adapt,different,1
39,admit,negro,1
40,advancement,feeling,1
41,advancement,prevent,1
42,advantage,priviledge,1
43,affect,unclear,1
44,afford,dissatisfaction,1
45,afford,thorough,1
46,agree,mingle,1
47,ague,equal,1
48,ague,give,1
49,ague,rights,1
50,alien,poor,1
51,alien,race,1
52,allow,contact,1
53,allow,direct,1
54,allow,fight,1
55,allow,intermingling,1
56,allow,live,1
57,allow,mix,1
58,allow,possible,1
59,allow,races,1
60,allow,train,1
61,allow,white,1
62,alone,group,1
63,alow,allow,1
64,alright,friend,1
65,alright,place,1
66,ambitious,man,1
67,ambitious,profit,1
68,american,black,1
69,american,person,1
70,american,rights,1
71,amount,lost,1
72,amount,motion,1
73,amount,negroe,1
74,amount,white,1
75,answer,get,1
76,answer,last,1
77,answer,question,3
78,anthr,better,1
79,anti-negro,organization,1
80,anti-negro,retard,1
81,apply,education,1
82,apply,practical,1
83,approve,officr,1
84,approve,white,1
85,area,one,1
86,argue,work,1
87,argument,fight,1
88,argument,friction,1
89,argument,separate,1
90,argument,trouble,1
91,army,afford,1
92,army,become,1
93,army,camp,1
94,army,Corps,1
95,army,family,1
96,army,get,1
97,army,gut,1
98,army,instance,1
99,army,life,2
100,army,live,1
101,army,man,1
102,army,outfit,1
103,army,separate,1
104,army,signal,1
105,army,sit,1
106,army,stomach,1
107,army,strict,1
108,army,subscribe,1
109,army,war,1
110,army,white,1
111,Army,force,1
112,Army,know,1
113,asham,tell,1
114,asham,truth,1
115,assault,battery,1
116,associate,negro,1
117,associate,negroe,2
118,associate,people,1
119,associate,white,1
120,association,emphasize,1
121,attain,larged,1
122,attain,quide,1
123,attitude,capacity,1
124,attitude,know,1
125,attitude,Negro,1
126,attitude,Northern,1
127,attitude,southern,1
128,attitude,whites,1
129,average,negro,1
130,average,reckless,1
131,avoid,difference,1
132,avoid,disorder,1
133,avoid,jelousy,1
134,avoid,oppinion,1
135,avoid,riot,1
136,avoid,separate,1
137,avoid,trouble,1
138,background,different,1
139,background,soldier,1
140,bad,body,1
141,bad,bring,1
142,bad,business,1
143,bad,condition,1
144,bad,detrimental,1
145,bad,epnian,1
146,bad,feeling,2
147,bad,felling,1
148,bad,foot,1
149,bad,let,1
150,bad,many,1
151,bad,moral,1
152,bad,negroe,1
153,bad,oder,1
154,bad,odor,1
155,bad,people,1
156,bad,perspire,1
157,bad,practice,1
158,bad,reason,1
159,bad,soldier,1
160,bad,stay,1
161,bad,unclear,1
162,bad,white,2
163,barrack,bad,1
164,barrack,different,1
165,barrack,hall,1
166,barrack,mess,1
167,barrack,Negro,1
168,barrack,work,1
169,basic,come,1
170,basic,training,1
171,bath,eat,1
172,bath,sleep,1
173,battle,bettween,1
174,battle,else,1
175,battle,man,1
176,battlefront,share,1
177,bear,natural,1
178,bear,negro,1
179,bear,prejudice,1
180,bear,south,1
181,bear,teaching,1
182,become,accustom,1
183,become,association,1
184,become,color,1
185,become,desirable,1
186,become,friendly,1
187,become,higher,1
188,become,strict,1
189,become,violent,1
190,behave,act,1
191,beleve,negro,1
192,beleve,understand,1
193,belief,tradition,1
194,belief,train,1
195,believe,best,1
196,believe,better,2
197,believe,feel,1
198,believe,fraternalize,1
199,believe,give,1
200,believe,happier,2
201,believe,keep,3
202,believe,live,1
203,believe,make,1
204,believe,mixen,1
205,believe,negroe,3
206,believe,result,1
207,believe,segregation,1
208,believe,self,1
209,believe,separate,1
210,believe,southern,1
211,believe,train,1
212,believe,white,1
213,believe,White,1
214,believe,whites,1
215,believe,work,2
216,belong,negroe,1
217,benefit,much,1
218,benefit,races,1
219,best,effort,1
220,best,interest,1
221,best,keep,2
222,best,separate,1
223,best,separated,1
224,best,soldier,1
225,best,training,1
226,best,unclear,1
227,best,volunteer,1
228,better,advance,2
229,better,advancement,3
230,better,army,1
231,better,break,1
232,better,camp,1
233,better,cause,1
234,better,chance,8
235,better,color,1
236,better,combine,1
237,better,come,1
238,better,concerned,4
239,better,condition,1
240,better,cooperation,4
241,better,develope,1
242,better,exist,1
243,better,feeling,1
244,better,fight,1
245,better,fighting,1
246,better,get,1
247,better,group,3
248,better,harmony,2
249,better,higher,1
250,better,intelligent,1
251,better,keep,2
252,better,kind,2
253,better,less,1
254,better,lot,1
255,better,majority,1
256,better,make,1
257,better,man,3
258,better,member,1
259,better,mix,3
260,better,morale,1
261,better,negro,3
262,better,negroe,1
263,better,officer,1
264,better,opportunity,1
265,better,outfit,12
266,better,people,3
267,better,position,1
268,better,post-war,1
269,better,promotion,1
270,better,put,1
271,better,race,5
272,better,reason,1
273,better,result,1
274,better,separate,10
275,better,serve,1
276,better,show,2
277,better,soldier,7
278,better,spirit,1
279,better,team,4
280,better,themselfs,1
281,better,think,1
282,better,time,1
283,better,togeather,1
284,better,training,1
285,better,treatment,1
286,better,trouble,1
287,better,unclear,1
288,better,understanding,2
289,better,unit,3
290,better,units,1
291,better,way,1
292,better,white,3
293,better,work,2
294,bettween,sic,1
295,betwen,negro,1
296,betwen,white,1
297,big,black,1
298,big,car,1
299,bigote,army,1
300,bigote,person,1
301,bigoted,live,1
302,bind,brother,1
303,bink,negro,1
304,bitter,soldier,1
305,bitter,white,1
306,black,car,1
307,black,cleaner,1
308,black,fighting,1
309,black,get,1
310,black,less,1
311,black,man,2
312,black,mix,1
313,black,officer,1
314,black,race,3
315,black,separate,2
316,black,soldier,1
317,black,stripe,1
318,black,take,1
319,black,white,6
320,black,work,1
321,blacks,prejudice,1
322,blacks,racial,1
323,blacks,white,1
324,blend,negro,1
325,blend,white,1
326,blind,whites,1
327,blood,battlefront,1
328,body,cleanliness,1
329,body,light,1
330,body,mind,1
331,body,odor,2
332,bound,arise,1
333,bound,discord,1
334,bound,trouble,1
335,boy,boy,1
336,boy,dam,1
337,boy,feel,1
338,boy,get,1
339,boy,like,1
340,boy,lot,1
341,boy,mix,1
342,boy,negro,2
343,boy,ordr,1
344,boy,resent,1
345,boy,smarter,1
346,boy,south,1
347,boy,take,1
348,boy,unclear,1
349,boy,want,1
350,boy,war,1
351,boy,whole,1
352,boys,corps,1
353,break,custom,1
354,break,friendship,1
355,break,mix,1
356,break,white,1
357,breed,discontent,1
358,breed,man,1
359,breed,understanding,1
360,bring,better,1
361,bring,disharmony,1
362,bring,friction,1
363,bring,negroe,1
364,bring,relationship,1
365,bring,understanding,1
366,bring,white,1
367,broadmind,people,1
368,broadmind,understanding,1
369,brother,brother,1
370,brother,common,1
371,brother,much,1
372,building,morale,1
373,bully,private,1
374,bully,white,1
375,bunch,look,1
376,bunch,poor,1
377,bunch,southerner,1
378,bunk,enlist,1
379,business,many,1
380,business,reason,1
381,C.o,white,1
382,call,buddie,1
383,call,negro,1
384,camp,basic,1
385,camp,feel,1
386,camp,officer,1
387,camp,start,1
388,camp,thay,1
389,camp,training,1
390,can,get,1
391,can,see,1
392,can,thing,1
393,capable,different,1
394,capable,type,1
395,car,stripe,1
396,car,suit,1
397,care,bink,1
398,care,man,1
399,care,mix,2
400,care,negro,1
401,care,negroe,1
402,care,next,1
403,care,object,1
404,care,sleep,2
405,carry,diseases,1
406,carry,thing,1
407,case,difference,1
408,case,racial,1
409,case,use,1
410,cast,predejectry,1
411,cast,tridition,1
412,cause,bad,1
413,cause,believe,1
414,cause,complication,1
415,cause,defeat,1
416,cause,dissention,1
417,cause,disturbance,1
418,cause,disunity,1
419,cause,feeling,1
420,cause,fight,3
421,cause,friction,3
422,cause,indifference,1
423,cause,jealousy,1
424,cause,jelousy,1
425,cause,less,1
426,cause,lot,2
427,cause,many,1
428,cause,much,3
429,cause,negro,1
430,cause,person,1
431,cause,racial,1
432,cause,reason,1
433,cause,riot,1
434,cause,see,1
435,cause,segregation,1
436,cause,serious,1
437,cause,Soldiers,1
438,cause,southern,1
439,cause,take,1
440,cause,trouble,9
441,cause,unclear,1
442,cause,war,1
443,cause,white,1
444,cent,get,1
445,cent,many,1
446,cent,negroe,1
447,cent,stand,1
448,cent,trust,1
449,certain,many,1
450,certain,way,1
451,certain,white,1
452,chain,strong,1
453,chance,ability,1
454,chance,advance,1
455,chance,advancement,4
456,chance,discontentment,1
457,chance,express,1
458,chance,friction,3
459,chance,full,1
460,chance,life,1
461,chance,outfit,1
462,chance,persons,1
463,chance,prevent,1
464,chance,promotion,1
465,chance,prove,3
466,chance,race,1
467,chance,racial,1
468,chance,riot,1
469,chance,serve,1
470,chance,share,1
471,chance,show,2
472,chance,undesirable,1
473,chance,undesireable,1
474,chance,white,2
475,chance,worth,1
476,change,army,2
477,change,belief,1
478,change,mind,1
479,change,tradition,1
480,change,turn,1
481,change,whole,1
482,characteristic,unclear,1
483,check,mark,1
484,chinese,accept,1
485,chinese,american,1
486,choose,fight,1
487,city,negro,1
488,city,run,1
489,civil,war,1
490,civilian,life,3
491,civilian,negro,1
492,civilize,people,1
493,class,man,1
494,class,part,1
495,class,people,3
496,class,race,1
497,class,remember,1
498,class,Whites,1
499,classify,limit,1
500,classify,service,1
501,clean,man,1
502,clean,people,1
503,clean,wer,1
504,clean,white,2
505,climate,white,1
506,close,association,1
507,close,discord,1
508,close,emphasize,1
509,close,harmony,1
510,close,little,1
511,close,relationship,1
512,code,instuctor,1
513,code,phase,1
514,cold,time,1
515,colo,people,1
516,color,association,1
517,color,boy,1
518,color,boys,1
519,color,cause,1
520,color,creed,1
521,color,die,1
522,color,dirty,1
523,color,feel,1
524,color,fight,1
525,color,look,1
526,color,man,3
527,color,many,1
528,color,mix,2
529,color,negroe,1
530,color,object,1
531,color,people,3
532,color,race,3
533,color,think,1
534,color,Whites,1
535,color,work,1
536,colored,better,1
537,colored,get,1
538,colored,happier,1
539,colored,inferior,1
540,colored,man,2
541,colored,mix,1
542,colored,officer,1
543,colored,operate,1
544,colored,people,1
545,colored,race,3
546,colored,separate,1
547,colored,soldier,1
548,colored,southerner,1
549,colored,troops,2
550,colored,unclear,2
551,colored,white,2
552,colored,work,1
553,combat,area,1
554,combat,duty,1
555,combat,group,1
556,combat,keep,1
557,combat,make,1
558,combat,one,1
559,combat,outfit,1
560,combat,serve,1
561,combat,zone,1
562,combine,outfit,1
563,combine,races,1
564,come,camp,1
565,come,city,1
566,come,class,1
567,come,different,1
568,come,fight,1
569,come,intermingling,1
570,come,large,1
571,come,liive,1
572,come,negro,2
573,come,officr,1
574,come,old,1
575,come,safe,1
576,come,south,1
577,come,think,1
578,comfortable,live,1
579,comm,com,1
580,comm,non,1
581,commen,common,1
582,comment,apply,1
583,comment,make,3
584,comment,question,1
585,comment,wish,1
586,commision,enlist,1
587,commision,man,1
588,commision,officer,1
589,commissione,officer,1
590,common,cause,1
591,common,level,1
592,common,negro,1
593,company,soldier,1
594,compete,soldier,1
595,compete,white,1
596,competion,competition,1
597,competition,unified,1
598,competitive,spirit,1
599,competitive,unclear,1
600,complete,equal,1
601,complete,unity,1
602,complex,men,1
603,complex,result,1
604,complicated,machine,1
605,concentrate,problem,1
606,concerned,think,1
607,concerning,conduct,1
608,concerning,whites,1
609,condition,camp,1
610,condition,change,1
611,condition,different,1
612,condition,eliminate,1
613,condition,friction,1
614,condition,long,1
615,condition,make,1
616,condition,man,1
617,condition,outfit,1
618,condition,races,1
619,condition,separate,1
620,condition,soldier,1
621,condition,white,1
622,conduct,become,1
623,conduct,whites,1
624,connect,outfit,1
625,considerate,insertion,1
626,constant,contention,1
627,constant,quarrel,1
628,constter,good,1
629,constter,selve,1
630,contact,negro,1
631,contact,negroe,1
632,contention,bound,1
633,continue,sort,1
634,Contradiction,ordr,1
635,cooperate,better,3
636,cooperate,noncommissioned,1
637,cooperate,officer,1
638,cooperate,officr,1
639,cooperate,outfit,1
640,cooperate,separate,1
641,cooperation,keep,1
642,cooperation,mix,2
643,cooperation,outfit,1
644,cooperation,separate,1
645,cooperation,way,1
646,corps,bear,1
647,corps,natural,1
648,cotofer,unclear,1
649,couldent,get,1
650,country,civilize,1
651,country,negro,1
652,country,people,1
653,country,seldom,1
654,country,think,1
655,country,white,1
656,country,world,1
657,court,eat,1
658,court,martial,1
659,courtmartial,assault,1
660,courtmartial,day,1
661,create,Disturbance,1
662,create,fight,1
663,create,friction,1
664,create,interest,1
665,create,lack,1
666,create,less,1
667,create,outfit,1
668,create,trouble,2
669,create,whereas,1
670,credit,achievement,1
671,credit,credit,1
672,credit,race,1
673,creed,bind,1
674,criminal,intent,1
675,custom,tradition,1
676,customs,belief,1
677,dam,mix,1
678,dam,negro,1
679,damne,sleep,1
680,date,accustom,1
681,day,assault,1
682,day,battery,1
683,deal,hurrie,1
684,deal,negro,1
685,deal,prejudice,1
686,deal,race,2
687,deal,unclear,1
688,decrid,unclear,1
689,definite,thing,1
690,definite,way,1
691,defnitley,outfit,1
692,defnitley,separate,1
693,deletion,abusive,1
694,deletion,deletion,8
695,deletion,fight,1
696,deletion,get,1
697,deletion,outfit,1
698,deletion,people,1
699,deletion,work,1
700,democratic,leave,1
701,democratic,thing,1
702,demonstration,method,1
703,depend,amount,1
704,depend,circumstance,1
705,depend,individual,1
706,depend,locale,1
707,depend,negro,1
708,depend,section,1
709,Desecration,rank,1
710,desirable,odor,1
711,destroy,apply,1
712,detrimental,moral,1
713,develop,separate,1
714,develope,segreate,1
715,DEVENRTy,different,1
716,DEVENRTy,Outlook,1
717,devils,human,1
718,die,quick,1
719,diease,whites,1
720,difer,race,1
721,differ,character,1
722,differ,much,1
723,differ,spend,1
724,differance,race,1
725,difference,civilian,1
726,difference,class,1
727,difference,condition,2
728,difference,create,1
729,difference,good,1
730,difference,habit,1
731,difference,hard,1
732,difference,live,4
733,difference,living,1
734,difference,negro,1
735,difference,nerve,1
736,difference,oppinion,1
737,difference,soldier,1
738,difference,standard,2
739,difference,tend,1
740,difference,trouble,1
741,difference,way,1
742,different,agree,1
743,different,attitude,1
744,different,barrack,1
745,different,belief,1
746,different,civilian,1
747,different,clase,1
748,different,class,4
749,different,climate,1
750,different,coler,1
751,different,color,1
752,different,combat,1
753,different,company,2
754,different,country,1
755,different,customs,1
756,different,difference,1
757,different,different,4
758,different,group,1
759,different,habit,2
760,different,hall,1
761,different,idea,3
762,different,life,1
763,different,living,2
764,different,lower,1
765,different,man,1
766,different,mess,1
767,different,morale,1
768,different,national,1
769,different,nature,1
770,different,Northern,1
771,different,outfit,2
772,different,outlook,1
773,different,Outlook,1
774,different,part,2
775,different,people,6
776,different,person,1
777,different,race,6
778,different,races,1
779,different,regiment,1
780,different,respects,1
781,different,section,1
782,different,separation,1
783,different,serve,1
784,different,soldier,1
785,different,standard,2
786,different,temperment,1
787,different,thing,1
788,different,type,2
789,different,unclear,4
790,different,uniform,1
791,different,way,3
792,different,white,6
793,difficulty,prejudice,1
794,difficulty,race,1
795,difrent,Pepule,1
796,difrent,tip,1
797,direct,contact,1
798,direct,first,1
799,direct,negro,1
800,direct,variance,1
801,dirty,body,1
802,dirty,fellow,1
803,dirty,human,1
804,dirty,many,1
805,dirty,mind,1
806,dirty,unclear,1
807,dirty,white,1
808,disastr,arise,1
809,disastr,faction,1
810,discontent,man,1
811,discord,avoid,1
812,discord,negroe,1
813,discord,Negroes,1
814,discrepacy,officr,1
815,discrepacy,white,1
816,discriminate,colored,1
817,discriminate,white,1
818,discrimination,cause,1
819,discrimination,disunity,1
820,discrimmation,prejudice,1
821,discrimmation,racial,1
822,discuss,condition,1
823,Disease,high,1
824,Disease,rate,1
825,diseases,spread,1
826,dislike,mixing,1
827,dislike,negro,2
828,dislike,people,1
829,dislike,white,1
830,disliking,many,1
831,disliking,white,1
832,dissatisfaction,resentment,1
833,dissention,man,1
834,distinction,people,1
835,distinction,power,1
836,distinction,race,1
837,distinction,white,1
838,disturbance,mix,1
839,disturbance,unclear,1
840,disunity,disunity,1
841,disunity,lose,1
842,disunity,war,1
843,dorp,drop,1
844,doubt,negros,1
845,doubt,want,1
846,doubt,white,1
847,dress,unclear,1
848,drill,eat,1
849,drill,man,1
850,drill,sleep,1
851,drill,white,1
852,drink,matter,1
853,drink,soldier,1
854,drive,garbage,1
855,drive,man,1
856,drop,happen,1
857,drop,moral,1
858,ease,comfort,1
859,easier,discipline,1
860,easier,maintain,1
861,eat,become,1
862,eat,essential,1
863,eat,know,1
864,eat,live,1
865,eat,mess,2
866,eat,negro,2
867,eat,negroe,2
868,eat,sleep,3
869,eat,whites,1
870,educate,show,1
871,education,actual,1
872,educational,body,1
873,educational,cleanliness,1
874,efficiency,attaine,1
875,efficiency,lose,1
876,efficiency,lowere,1
877,efficiency,outfit,3
878,efficiency,white,1
879,efficient,Negros,1
880,efficient,way,1
881,effort,lower,1
882,effort,meaning,1
883,effort,morale,1
884,effort,unclear,1
885,effort,understand,1
886,either,put,1
887,element,work,1
888,eliminate,argument,1
889,eliminate,good,1
890,eliminate,policy,1
891,else,bettween,1
892,else,sic,1
893,eme,unclear,1
894,emergency,come,1
895,enable,co.operate,1
896,end,serious,1
897,end,trouble,2
898,enjoy,way,1
899,enlist,come,1
900,enlist,finish,1
901,enlist,help,1
902,enlist,man,1
903,enmity,troops,1
904,enough,boat,1
905,enough,broadmind,1
906,enough,fit,1
907,enough,life,1
908,enough,lose,1
909,enough,outfit,1
910,enough,people,1
911,enough,room,1
912,enough,southerner,1
913,enough,understanding,1
914,entitle,rights,1
915,equal,chance,1
916,equal,people,1
917,equal,privileges,1
918,equal,rank,1
919,equal,rights,2
920,equal,treatment,1
921,equal,white,2
922,equipment,connect,1
923,equipment,outfit,1
924,essential,army,1
925,essential,perform,1
926,eternal,question,1
927,eternal,races,1
928,eternal,superior,1
929,exception,cent,1
930,exception,trust,1
931,excuse,trouble,1
932,excuse,Whites,1
933,exist,common,1
934,exist,higher,1
935,exist,level,1
936,exist,spirit,1
937,exist,unclear,1
938,expect,carry,1
939,experienced,trainy,1
940,explain,unclear,1
941,extent,live,1
942,extreme,come,1
943,extreme,condition,1
944,extreme,difference,1
945,extreme,emergency,1
946,extreme,live,1
947,face,kind,1
948,fact,create,1
949,fact,live,1
950,fact,need,1
951,fact,negro,1
952,fact,negroe,1
953,fact,northern,1
954,faction,arise,1
955,factor,result,1
956,fair,either,1
957,fair,put,1
958,familiar,code,1
959,family,furlough,1
960,family,get,1
961,fancy,bunking,1
962,fancy,idea,1
963,favoritism,color,1
964,fealing,people,1
965,feel,better,10
966,feel,equal,1
967,feel,free,1
968,feel,home,1
969,feel,inferior,3
970,feel,natural,1
971,feel,negroe,2
972,feel,place,2
973,feel,satisfied,1
974,feel,soldier,1
975,feel,talk,1
976,feel,unclear,3
977,feel,unequal,1
978,feel,white,3
979,feel,work,1
980,feeling,black,1
981,feeling,detrimental,1
982,feeling,favoritism,1
983,feeling,great,1
984,feeling,man,1
985,feeling,member,1
986,feeling,moral,1
987,feeling,races,1
988,feeling,soldier,1
989,feeling,unclear,1
990,feeling,unity,1
991,feeling,white,2
992,fell,man,1
993,fell,next,1
994,felling,people,1
995,felling,white,1
996,fellow,get,1
997,fellow,like,2
998,fellow,man,2
999,fellow,member,1
1000,fellow,negro,1
1001,fellow,negroe,1
1002,fellow,react,1
1003,fellow,sleeping,1
1004,fellow,soldier,1
1005,fellow,south,1
1006,fellow,stand,1
1007,fellow,think,2
1008,fellow,want,1
1009,fellows,soldier,1
1010,fellows,white,1
1011,fight,battle,1
1012,fight,better,5
1013,fight,cause,4
1014,fight,country,1
1015,fight,cuuse,1
1016,fight,disorder,1
1017,fight,enemy,1
1018,fight,equal,1
1019,fight,feel,1
1020,fight,fellow,1
1021,fight,forget,1
1022,fight,freedom,1
1023,fight,get,1
1024,fight,give,1
1025,fight,harder,1
1026,fight,interspersed,1
1027,fight,killing,1
1028,fight,man,1
1029,fight,mix,1
1030,fight,much,1
1031,fight,negro,3
1032,fight,people,1
1033,fight,race,1
1034,fight,reason,1
1035,fight,rights,1
1036,fight,ring,1
1037,fight,riot,1
1038,fight,selfs,1
1039,fight,selve,1
1040,fight,separate,3
1041,fight,side,3
1042,fight,Soldiers,1
1043,fight,sort,1
1044,fight,southern,1
1045,fight,thing,1
1046,fight,time,1
1047,fight,top,1
1048,fight,trouble,1
1049,fight,unit,1
1050,fight,war,2
1051,fight,whereas,1
1052,fight,white,3
1053,fight,whites,2
1054,fightig,liberation,1
1055,fightig,war,1
1056,fighting,mark,1
1057,fighting,outfit,1
1058,fighting,unit,1
1059,fighting,want,1
1060,find,civilian,1
1061,find,help,1
1062,find,industry,1
1063,find,life,1
1064,find,opinion,1
1065,find,place,1
1066,find,way,1
1067,fine,child,1
1068,fine,give,1
1069,fine,man,1
1070,fine,people,1
1071,finish,war,1
1072,fire,range,1
1073,first,accept,1
1074,first,part,1
1075,first,people,1
1076,first,train,1
1077,first,training,1
1078,fit,white,1
1079,fite,drop,1
1080,follow,know,1
1081,follow,Officer,1
1082,food,army,1
1083,food,ration,1
1084,fooling,lot,1
1085,force,O.k,1
1086,force,obey,1
1087,forget,race,1
1088,form,trouble,1
1089,foxcut,one,1
1090,fraternalize,negroe,1
1091,free,act,1
1092,free,talk,1
1093,freedom,believe,1
1094,fresh,minds,1
1095,friction,betwen,1
1096,friction,colored,1
1097,friction,eliminate,1
1098,friction,keep,2
1099,friction,man,1
1100,friction,negro,1
1101,friction,negroe,1
1102,friction,Negroes,1
1103,friction,races,1
1104,friction,time,1
1105,friction,trouble,1
1106,friction,unclear,1
1107,friction,white,3
1108,friction,whites,1
1109,friction,Whites,1
1110,friend,try,1
1111,full,achievement,1
1112,full,credit,1
1113,full,share,1
1114,function,better,1
1115,function,kind,1
1116,function,unit,1
1117,function,work,1
1118,furlough,help,1
1119,furlough,outfit,1
1120,future,life,1
1121,future,war,1
1122,gain,basic,1
1123,gain,good,1
1124,gain,reputation,1
1125,garbage,man,1
1126,gather,cause,1
1127,gather,different,1
1128,gather,thing,1
1129,general,get,1
1130,general,race,1
1131,general,rule,1
1132,general,service,1
1133,get,battle,1
1134,get,beter,1
1135,get,better,26
1136,get,break,1
1137,get,chance,1
1138,get,change,1
1139,get,complete,1
1140,get,credit,2
1141,get,equal,2
1142,get,fellow,1
1143,get,full,1
1144,get,furlough,1
1145,get,gather,1
1146,get,good,3
1147,get,group,1
1148,get,head,1
1149,get,hot,1
1150,get,idea,1
1151,get,job,1
1152,get,less,1
1153,get,long,1
1154,get,lot,3
1155,get,man,1
1156,get,mixed,1
1157,get,negro,2
1158,get,negroe,4
1159,get,opinion,1
1160,get,outfit,2
1161,get,separate,2
1162,get,soldier,1
1163,get,themselfs,1
1164,get,think,1
1165,get,togeather,1
1166,get,treatment,2
1167,get,trouble,1
1168,get,unclear,1
1169,get,water,1
1170,get,well,1
1171,get,white,3
1172,get,work,1
1173,gether,negro,1
1174,git,better,1
1175,git,get,1
1176,give,best,1
1177,give,better,2
1178,give,big,1
1179,give,black,1
1180,give,boys,1
1181,give,break,1
1182,give,chance,5
1183,give,color,1
1184,give,Creep,1
1185,give,crit,1
1186,give,direct,1
1187,give,equal,2
1188,give,furlough,1
1189,give,inch,1
1190,give,individual,1
1191,give,last,1
1192,give,man,1
1193,give,negro,2
1194,give,negroe,1
1195,give,opertunity,1
1196,give,order,2
1197,give,pride,1
1198,give,prove,1
1199,give,question,1
1200,give,rank,1
1201,give,rights,1
1202,give,soldier,1
1203,give,sort,1
1204,give,spirit,1
1205,give,stripe,1
1206,give,training,1
1207,give,unclear,1
1208,give,white,2
1209,good,american,1
1210,good,army,1
1211,good,bad,1
1212,good,bunch,1
1213,good,combat,1
1214,good,competition,1
1215,good,deal,1
1216,good,drive,1
1217,good,enough,1
1218,good,find,1
1219,good,fiter,1
1220,good,friend,1
1221,good,give,1
1222,good,idea,5
1223,good,insertion,1
1224,good,keep,1
1225,good,kind,1
1226,good,know,1
1227,good,look,1
1228,good,lose,1
1229,good,man,2
1230,good,many,2
1231,good,mixer,1
1232,good,much,1
1233,good,negro,1
1234,good,negroe,1
1235,good,night,1
1236,good,outfit,3
1237,good,overlook,1
1238,good,patrol,1
1239,good,place,1
1240,good,policy,1
1241,good,poor,1
1242,good,prejudice,1
1243,good,race,1
1244,good,races,1
1245,good,racial,1
1246,good,record,1
1247,good,reputation,1
1248,good,soldier,3
1249,good,thang,1
1250,good,thing,1
1251,good,thought,1
1252,good,truck,1
1253,good,try,1
1254,good,unified,1
1255,good,use,1
1256,good,whit,1
1257,good,white,2
1258,good,whites,1
1259,good,word,1
1260,good,year,1
1261,government,find,1
1262,government,way,1
1263,gradual,process,1
1264,grate,army,1
1265,grave,mistake,1
1266,grave,try,1
1267,great,color,1
1268,great,deal,2
1269,great,hurrie,1
1270,great,many,1
1271,great,mix,1
1272,great,unclear,1
1273,greatest,builders,1
1274,greatest,moral,1
1275,group,best,1
1276,group,cast,1
1277,group,comfortable,1
1278,group,differ,1
1279,group,effort,1
1280,group,feel,1
1281,group,get,1
1282,group,matter,1
1283,group,mixed,1
1284,group,much,1
1285,group,races,1
1286,group,serve,1
1287,group,spend,1
1288,group,stay,1
1289,group,tridition,1
1290,group,try,1
1291,group,work,2
1292,grudge,negro,1
1293,gut,foot,1
1294,habit,color,1
1295,habit,living,1
1296,habit,race,2
1297,habit,respects,1
1298,habit,standard,1
1299,hall,sleep,2
1300,hall,work,1
1301,handle,races,1
1302,happen,negro,1
1303,happen,think,1
1304,happier,better,1
1305,happier,buddy,1
1306,happier,leave,1
1307,happier,negroe,1
1308,happier,outfit,1
1309,happier,way,1
1310,hard,break,1
1311,hard,custom,1
1312,hard,feeling,2
1313,hard,get,2
1314,hard,insertion,1
1315,hard,job,1
1316,hard,races,1
1317,hard,stamp,1
1318,hard,white,1
1319,harder,alone,1
1320,harmony,combine,1
1321,harmony,develop,1
1322,harmony,discord,1
1323,harmony,little,1
1324,harmony,organization,1
1325,harmony,result,1
1326,hate,negro,1
1327,hatered,cause,1
1328,hatered,colored,1
1329,hatered,many,1
1330,hatred,Black,1
1331,hatred,white,1
1332,head,insertion,1
1333,health,race,1
1334,heart,fighting,1
1335,heart,soldier,1
1336,heart,thank,1
1337,heat,bad,1
1338,heat,condition,1
1339,heate,argument,1
1340,heate,trouble,1
1341,hell,country,1
1342,hell,pay,1
1343,hell,whole,1
1344,help,bear,1
1345,help,better,1
1346,help,bring,1
1347,help,building,1
1348,help,find,1
1349,help,finish,1
1350,help,friction,1
1351,help,idea,1
1352,help,lot,1
1353,help,morale,2
1354,help,negro,1
1355,help,prevent,1
1356,help,relationship,1
1357,help,remove,1
1358,help,war,1
1359,help,whites,1
1360,high,person,1
1361,high,white,1
1362,higher,class,1
1363,higher,intelligent,1
1364,higher,people,1
1365,higher,spirit,2
1366,higher,Whites,1
1367,hold,negro,1
1368,hold,soldier,1
1369,hold,white,1
1370,home,kind,1
1371,home,live,1
1372,home,state,1
1373,hostile,attitude,1
1374,hostile,southern,1
1375,hostile,whites,1
1376,hot,water,1
1377,human,diease,1
1378,human,fight,1
1379,human,many,1
1380,human,nature,2
1381,human,question,1
1382,hurrie,wait,1
1383,hurry,fooling,1
1384,hygene,morale,1
1385,idea,bunking,1
1386,idea,change,1
1387,idea,condition,1
1388,idea,eat,1
1389,idea,future,1
1390,idea,give,1
1391,idea,keep,1
1392,idea,life,1
1393,idea,living,1
1394,idea,man,2
1395,idea,many,1
1396,idea,mix,1
1397,idea,ordr,1
1398,idea,race,1
1399,idea,separat,1
1400,idea,sleep,1
1401,idea,soldier,1
1402,idea,superiority,1
1403,idea,take,1
1404,idea,turn,1
1405,idea,white,2
1406,ideal,end,1
1407,ideal,living,1
1408,ideal,means,1
1409,ignorance,races,1
1410,imagine,get,1
1411,Immaterial,point,1
1412,impair,efficiency,1
1413,impartiality,show,1
1414,important,army,1
1415,important,int,1
1416,important,saver,1
1417,important,time,1
1418,impossible,harmony,1
1419,impractical,hostile,1
1420,impression,outfits,1
1421,impression,segregate,1
1422,inborn,aversion,1
1423,inch,want,1
1424,include,negroe,1
1425,include,officer,2
1426,include,outfit,1
1427,independent,feeling,1
1428,individual,color,1
1429,individual,fell,1
1430,individual,group,1
1431,individual,life,1
1432,individual,liking,1
1433,individual,negro,1
1434,individual,pride,1
1435,individual,soldier,1
1436,individual,units,1
1437,individual,white,1
1438,individual,work,1
1439,induct,draft,1
1440,industry,war,1
1441,inferior,destroy,1
1442,inferior,people,1
1443,inferior,race,1
1444,inferior,white,1
1445,infiror,complex,1
1446,infiror,superior,1
1447,inform,subject,1
1448,insertion,considerate,1
1449,insertion,fel,1
1450,insertion,insertion,3
1451,insertion,negro,1
1452,insertion,unclear,1
1453,insertion]white,man,1
1454,instance,finish,1
1455,insult,work,1
1456,int,army,1
1457,intelligence,complicated,1
1458,intelligence,operate,1
1459,intelligent,high,1
1460,interest,fellow,1
1461,interest,member,1
1462,interesting,see,1
1463,intermingling,man,1
1464,intermingling,races,1
1465,intermix,fight,1
1466,intermix,side,1
1467,internal,strain,1
1468,interspersed,separate,1
1469,Irregardless,color,1
1470,Irregardless,race,1
1471,jealousy,indifference,1
1472,job,get,1
1473,job,thing,1
1474,job,want,1
1475,join,negro,1
1476,join,outfit,1
1477,keep,black,1
1478,keep,colored,1
1479,keep,constant,1
1480,keep,disastr,1
1481,keep,disorder,1
1482,keep,faction,1
1483,keep,feeling,1
1484,keep,fight,1
1485,keep,fighting,1
1486,keep,friction,1
1487,keep,keep,1
1488,keep,liable,1
1489,keep,make,2
1490,keep,morale,1
1491,keep,much,1
1492,keep,outfit,3
1493,keep,peace,1
1494,keep,place,3
1495,keep,quarrel,1
1496,keep,race,3
1497,keep,self,1
1498,keep,separat,3
1499,keep,separate,10
1500,keep,separated,1
1501,keep,seperat,1
1502,keep,trouble,1
1503,keep,white,2
1504,kicking,occur,1
1505,kicking,unclear,1
1506,kind,make,1
1507,kind,man,1
1508,kind,people,1
1509,kind,rest,1
1510,kind,tasnks,1
1511,kind,white,1
1512,kind,word,1
1513,know,black,1
1514,know,carry,1
1515,know,fact,1
1516,know,fight,1
1517,know,give,1
1518,know,look,1
1519,know,man,1
1520,know,negro,1
1521,know,negroe,1
1522,know,northern,1
1523,know,place,2
1524,know,reason,1
1525,know,soldier,1
1526,know,stay,1
1527,know,take,1
1528,know,understand,1
1529,know,want,2
1530,know,work,1
1531,labor,heat,1
1532,lack,interest,1
1533,large,amount,1
1534,large,city,1
1535,large,run,1
1536,large,units,1
1537,large,work,1
1538,last,answer,1
1539,last,impractical,1
1540,last,question,3
1541,latrine,colored,1
1542,latrine,troops,1
1543,lead,argument,1
1544,lead,entanglement,1
1545,lead,equality,1
1546,lead,heate,1
1547,lead,individual,1
1548,lead,life,1
1549,lead,man,1
1550,lead,trouble,1
1551,leading,follow,1
1552,leading,like,1
1553,learn,cause,1
1554,learn,concerning,1
1555,learn,discrimination,1
1556,learn,disunity,1
1557,learn,mix,1
1558,learn,prejudice,1
1559,learn,quell,1
1560,learn,work,1
1561,leave,white,1
1562,less,argument,2
1563,less,cause,1
1564,less,chance,2
1565,less,confusion,1
1566,less,fighting,1
1567,less,friction,5
1568,less,race,1
1569,less,restraint,1
1570,less,riot,1
1571,less,trouble,2
1572,Lessens,complex,1
1573,Lessens,infiror,1
1574,Lessens,superior,1
1575,let,Negor,1
1576,let,negro,2
1577,let,outfit,1
1578,let,separate,2
1579,let,stay,4
1580,let,think,1
1581,let,unclear,1
1582,let,white,1
1583,level,head,1
1584,level,insertion,1
1585,liable,trouble,2
1586,liberation,deletion,1
1587,life,feel,1
1588,life,liking,1
1589,life,live,1
1590,life,majority,1
1591,life,man,2
1592,life,negro,1
1593,life,treat,1
1594,life,war,1
1595,life,white,1
1596,light,finger,1
1597,liive,think,1
1598,like,associate,4
1599,like,better,1
1600,like,break,1
1601,like,colored,1
1602,like,discuss,1
1603,like,drill,1
1604,like,eat,2
1605,like,fellow,1
1606,like,follow,1
1607,like,friendship,1
1608,like,furlough,1
1609,like,good,1
1610,like,idea,4
1611,like,live,4
1612,like,man,1
1613,like,mingle,1
1614,like,mix,2
1615,like,negro,4
1616,like,Negro,1
1617,like,negro',2
1618,like,Negro's,1
1619,like,negroe,10
1620,like,Negros,1
1621,like,nigger,1
1622,like,Northern,1
1623,like,Officer,1
1624,like,oklahoma,1
1625,like,order,2
1626,like,race,1
1627,like,see,1
1628,like,separate,1
1629,like,serve,1
1630,like,sleep,3
1631,like,smell,1
1632,like,take,3
1633,like,treat,1
1634,like,unclear,1
1635,like,way,1
1636,like,whites,2
1637,like,work,2
1638,like,wouldnt,1
1639,likes,pecularaty,1
1640,likes,peculiarity,1
1641,limit,reception,1
1642,limit,service,1
1643,line,draw,1
1644,link,bad,1
1645,link,feeling,1
1646,list,last,1
1647,list,question,1
1648,little,chance,1
1649,little,contact,1
1650,little,discord,1
1651,little,Negroes,1
1652,live,amount,1
1653,live,associate,1
1654,live,barrack,2
1655,live,bath,1
1656,live,color,1
1657,live,come,1
1658,live,condition,3
1659,live,create,1
1660,live,different,2
1661,live,eat,4
1662,live,fight,1
1663,live,gut,1
1664,live,habit,1
1665,live,large,1
1666,live,mexican,1
1667,live,negro,2
1668,live,negroe,3
1669,live,outfit,1
1670,live,race,1
1671,live,reason,1
1672,live,roof,1
1673,live,room,1
1674,live,section,1
1675,live,separate,1
1676,live,sleep,3
1677,live,stomach,1
1678,live,tighter,1
1679,live,train,1
1680,live,trouble,1
1681,live,war,1
1682,live,white,1
1683,live,work,1
1684,living,different,3
1685,living,idea,1
1686,living,negroe,1
1687,living,speech,1
1688,living,standard,2
1689,locale,station,1
1690,long,time,1
1691,look,better,1
1692,look,dirty,1
1693,look,disrespect,1
1694,look,good,1
1695,look,inferior,1
1696,look,negro,1
1697,look,poor,1
1698,lose,control,1
1699,lose,life,1
1700,lose,place,1
1701,lose,war,1
1702,lost,army,1
1703,lost,motion,1
1704,lot,better,5
1705,lot,bunk,1
1706,lot,camp,1
1707,lot,class,1
1708,lot,deletion,1
1709,lot,discord,1
1710,lot,discrimination,1
1711,lot,dissention,1
1712,lot,fellow,1
1713,lot,fight,1
1714,lot,friction,1
1715,lot,happier,1
1716,lot,lower,1
1717,lot,negro,2
1718,lot,Negroes,1
1719,lot,nonsense,1
1720,lot,outfit,2
1721,lot,racial,1
1722,lot,separate,3
1723,lot,soldier,3
1724,lot,start,1
1725,lot,time,1
1726,lot,trouble,2
1727,lot,white,1
1728,lot,whites,1
1729,love,hold,1
1730,lower,class,1
1731,lower,efficiency,1
1732,lower,hygene,1
1733,lower,living,1
1734,lower,moral,2
1735,lower,morale,3
1736,lower,standard,2
1737,Lower,standard,1
1738,Lower,white,1
1739,lowere,prejudice,1
1740,M.P.,unit,1
1741,maintain,discipline,1
1742,majority,give,1
1743,majority,negroe,1
1744,majority,people,1
1745,majority,unclean,1
1746,make,adjustment,1
1747,make,best,1
1748,make,better,14
1749,make,bunch,1
1750,make,C.o,1
1751,make,change,2
1752,make,combat,1
1753,make,deal,1
1754,make,difference,9
1755,make,efficiency,1
1756,make,feeling,1
1757,make,fight,1
1758,make,fighting,2
1759,make,good,3
1760,make,grave,1
1761,make,keep,1
1762,make,like,1
1763,make,look,1
1764,make,man,1
1765,make,married,1
1766,make,mass,1
1767,make,mistake,1
1768,make,negro,1
1769,make,non-com,1
1770,make,outfit,5
1771,make,poor,1
1772,make,post-war,1
1773,make,race,1
1774,make,soldier,7
1775,make,statement,1
1776,make,team,2
1777,make,tend,1
1778,make,thing,1
1779,make,training,1
1780,make,trouble,1
1781,make,try,1
1782,make,unit,2
1783,man,army,1
1784,man,attitude,1
1785,man,bad,1
1786,man,bath,1
1787,man,believe,1
1788,man,better,3
1789,man,bunch,1
1790,man,capacity,1
1791,man,cent,2
1792,man,class,1
1793,man,clean,1
1794,man,color,3
1795,man,colored,1
1796,man,come,1
1797,man,control,1
1798,man,die,1
1799,man,differ,1
1800,man,dislike,1
1801,man,equal,2
1802,man,exception,1
1803,man,get,3
1804,man,good,1
1805,man,hate,1
1806,man,idea,1
1807,man,include,1
1808,man,intelligence,1
1809,man,job,1
1810,man,let,1
1811,man,like,1
1812,man,live,2
1813,man,lose,1
1814,man,love,1
1815,man,make,3
1816,man,man,2
1817,man,many,1
1818,man,need,1
1819,man,negro,3
1820,man,negroe,1
1821,man,next,2
1822,man,obey,1
1823,man,order,1
1824,man,outfit,3
1825,man,pick,1
1826,man,profit,1
1827,man,put,1
1828,man,qualified,1
1829,man,quick,1
1830,man,race,1
1831,man,raise,1
1832,man,rank,1
1833,man,react,1
1834,man,resent,1
1835,man,sleep,1
1836,man,special,1
1837,man,statement,1
1838,man,take,1
1839,man,tell,1
1840,man,think,2
1841,man,unclear,1
1842,man,underlin,1
1843,man,want,1
1844,man,war,1
1845,man,Whites,1
1846,man,work,3
1847,manner,fight,1
1848,manner,know,1
1849,manner,offense,1
1850,many,acquaintance,1
1851,many,anti-negro,1
1852,many,argument,1
1853,many,bigote,1
1854,many,boy,1
1855,many,case,2
1856,many,color,1
1857,many,company,1
1858,many,complication,1
1859,many,diease,1
1860,many,dislike,1
1861,many,fight,7
1862,many,form,1
1863,many,friction,1
1864,many,funny,1
1865,many,killing,1
1866,many,kind,1
1867,many,like,1
1868,many,man,1
1869,many,negro,3
1870,many,negroe,2
1871,many,objection,1
1872,many,officr,1
1873,many,organization,1
1874,many,people,4
1875,many,person,1
1876,many,prejudice,1
1877,many,reason,1
1878,many,retard,1
1879,many,soldier,5
1880,many,southerner,1
1881,many,Southerner,1
1882,many,trouble,1
1883,many,use,1
1884,many,want,1
1885,many,white,10
1886,many,whites,1
1887,many,Whites,1
1888,many,year,1
1889,mark,attain,1
1890,mark,quide,1
1891,married,army,1
1892,married,man,1
1893,marry,home,1
1894,marry,year,1
1895,martial,eat,1
1896,mass,color,1
1897,mass,Irregardless,1
1898,matched,alike,1
1899,matter,much,1
1900,mean,actual,1
1901,mean,combat,1
1902,mean,different,1
1903,mean,eat,1
1904,mean,keep,1
1905,mean,live,1
1906,mean,mistreat,1
1907,mean,platoon,1
1908,mean,regiment,1
1909,mean,seperat,1
1910,mean,trouble,1
1911,meaning,american,1
1912,meaning,rights,1
1913,means,different,1
1914,means,living,1
1915,means,lot,1
1916,meet,want,1
1917,member,outfit,1
1918,men,suppose,1
1919,men,work,1
1920,merger,lower,1
1921,merger,morale,1
1922,mess,hall,4
1923,mess,sleep,2
1924,mess,work,1
1925,method,army,1
1926,mexican,much,1
1927,mexican,negro,1
1928,mexican,seperate,1
1929,migore,unclear,1
1930,migro,cause,1
1931,migro,gather,1
1932,military,counting,1
1933,military,police,1
1934,military,Police,1
1935,mind,free,1
1936,mind,negro,1
1937,mind,seem,1
1938,mind,white,1
1939,minded,cause,1
1940,minds,many,1
1941,minds,soldier,1
1942,mingle,[/unclear,1
1943,mingle,negro,1
1944,mingle,negroe,1
1945,mingle,whites,1
1946,minority,race,1
1947,minority,unclear,1
1948,misatreate,unclear,1
1949,mistake,try,1
1950,mix,army,1
1951,mix,best,1
1952,mix,black,1
1953,mix,camp,1
1954,mix,class,1
1955,mix,content,1
1956,mix,create,1
1957,mix,extent,1
1958,mix,geather,1
1959,mix,good,4
1960,mix,group,1
1961,mix,live,1
1962,mix,man,1
1963,mix,negro,2
1964,mix,negroe,3
1965,mix,non-commissioned,1
1966,mix,officr,1
1967,mix,oil,1
1968,mix,people,2
1969,mix,possible,1
1970,mix,pull,1
1971,mix,races,1
1972,mix,soldier,3
1973,mix,trouble,1
1974,mix,water,1
1975,mix,white,6
1976,mix,whites,2
1977,mixed,color,1
1978,mixed,combat,1
1979,mixed,depend,1
1980,mixed,M.P.,1
1981,mixed,outfit,8
1982,mixed,races,1
1983,mixed,unit,1
1984,mixen,negroe,1
1985,mixen,white,1
1986,mixing,cause,1
1987,mixing,color,2
1988,mixing,fight,1
1989,mixture,class,1
1990,mixture,man,1
1991,monkeying,lot,1
1992,moral,builders,1
1993,moral,company,1
1994,moral,morale,2
1995,moral,people,1
1996,moral,white,1
1997,morale,army,1
1998,morale,better,2
1999,morale,different,1
2000,morale,drop,1
2001,morale,lot,1
2002,morale,outlook,1
2003,morale,races,2
2004,morale,soldier,2
2005,morale,white,2
2006,morale,whites,1
2007,motion,army,1
2008,move,living,1
2009,much,account,1
2010,much,american,1
2011,much,argue,1
2012,much,cleaner,1
2013,much,commotion,1
2014,much,Contradiction,1
2015,much,cooperation,1
2016,much,deletion,1
2017,much,difference,1
2018,much,difficulty,1
2019,much,disintion,1
2020,much,dislike,1
2021,much,dissension,1
2022,much,disturbance,1
2023,much,feeling,2
2024,much,fight,1
2025,much,friction,6
2026,much,handle,1
2027,much,hard,1
2028,much,hat,1
2029,much,heart,1
2030,much,ignorance,1
2031,much,jealousy,1
2032,much,jelousy,1
2033,much,mingle,1
2034,much,mixing,1
2035,much,ordr,1
2036,much,parciality,1
2037,much,possible,2
2038,much,predjudice,1
2039,much,prejudice,2
2040,much,race,2
2041,much,races,1
2042,much,racial,5
2043,much,sickness,1
2044,much,social,1
2045,much,spend,1
2046,much,squabbling,1
2047,much,strife,1
2048,much,talent,1
2049,much,training,1
2050,much,trouble,7
2051,much,unclear,1
2052,much,white,2
2053,myth,colored,1
2054,myth,people,1
2055,narrow,minded,1
2056,nasty,unfair,1
2057,nasty,yellow,1
2058,national,combat,1
2059,national,group,1
2060,national,serve,1
2061,nativity,man,1
2062,natural,competition,1
2063,natural,friction,1
2064,natural,good,1
2065,natural,mix,1
2066,natural,oppose,1
2067,natural,person,1
2068,natural,teaching,1
2069,natural,tendency,1
2070,natural,want,1
2071,natural,white,1
2072,nature,question,1
2073,NCO,versa,1
2074,NCO,vise,1
2075,necessary,white,1
2076,need,discipline,1
2077,need,negro,1
2078,need,place,1
2079,need,severe,1
2080,negor,agree,1
2081,Negor,place,1
2082,Negor,stay,1
2083,negro,act,1
2084,negro,allow,1
2085,negro,alow,1
2086,negro,anthr,1
2087,negro,arise,1
2088,negro,associate,1
2089,negro,barrack,1
2090,negro,become,1
2091,negro,believe,1
2092,negro,better,5
2093,negro,boy,1
2094,negro,buddie,1
2095,negro,carry,1
2096,negro,cent,1
2097,negro,chance,3
2098,negro,clean,1
2099,negro,cleaner,1
2100,negro,close,1
2101,negro,come,2
2102,negro,competion,1
2103,negro,definite,1
2104,negro,deletion,1
2105,negro,different,2
2106,negro,dirty,3
2107,negro,discriminate,1
2108,negro,diseases,1
2109,negro,drill,1
2110,negro,eat,1
2111,negro,feel,1
2112,negro,fight,1
2113,negro,fit,1
2114,negro,get,10
2115,negro,gether,1
2116,negro,give,1
2117,negro,good,1
2118,negro,happier,2
2119,negro,keep,2
2120,negro,know,1
2121,negro,leader,1
2122,negro,leave,1
2123,negro,let,1
2124,negro,like,1
2125,negro,live,4
2126,negro,lot,1
2127,negro,man,1
2128,negro,meet,1
2129,negro,mix,5
2130,negro,much,2
2131,negro,need,1
2132,negro,negro,1
2133,negro,negroe,1
2134,negro,northerner,1
2135,negro,o.k.,1
2136,negro,officer,1
2137,negro,officr,1
2138,negro,outfit,5
2139,negro,people,1
2140,negro,People,1
2141,negro,place,1
2142,negro,position,1
2143,negro,prefer,1
2144,negro,put,2
2145,negro,race,2
2146,negro,reckless,1
2147,negro,right,1
2148,negro,rights,1
2149,negro,ruin,1
2150,negro,seem,1
2151,negro,seldom,1
2152,negro,separate,3
2153,negro,severe,1
2154,negro,sgt,1
2155,negro,show,1
2156,negro,sleep,1
2157,negro,sleeping,1
2158,negro,soldier,17
2159,negro,solider,1
2160,negro,special,1
2161,negro,stay,3
2162,negro,take,1
2163,negro,talent,1
2164,negro,talk,1
2165,negro,tent,1
2166,negro,think,4
2167,negro,top,1
2168,negro,trait,1
2169,negro,troops,1
2170,negro,trouble,2
2171,negro,try,1
2172,negro,unclear,4
2173,negro,understand,1
2174,negro,unity,1
2175,negro,vice,1
2176,negro,want,1
2177,negro,white,13
2178,negro,whites,1
2179,negro,Whites,1
2180,negro,wood,1
2181,negro,work,3
2182,Negro,boy,1
2183,Negro,know,1
2184,Negro,learn,1
2185,Negro,soldier,3
2186,Negro,tend,1
2187,Negro,white,1
2188,negroe,abuse,1
2189,negroe,bad,1
2190,negroe,become,1
2191,negroe,better,2
2192,negroe,buddie,1
2193,negroe,business,1
2194,negroe,can,1
2195,negroe,chance,1
2196,negroe,chinese,1
2197,negroe,competion,1
2198,negroe,competition,1
2199,negroe,dirty,1
2200,negroe,eat,1
2201,negroe,equal,1
2202,negroe,equality,1
2203,negroe,establish,1
2204,negroe,extent,1
2205,negroe,feel,1
2206,negroe,get,3
2207,negroe,give,1
2208,negroe,good,2
2209,negroe,happier,1
2210,negroe,higher,1
2211,negroe,human,1
2212,negroe,inch,1
2213,negroe,inferior,1
2214,negroe,intelligent,1
2215,negroe,know,2
2216,negroe,learn,1
2217,negroe,like,1
2218,negroe,look,2
2219,negroe,make,1
2220,negroe,mix,2
2221,negroe,negroe,2
2222,negroe,non-com,2
2223,negroe,officer,1
2224,negroe,outfit,1
2225,negroe,people,1
2226,negroe,prevent,1
2227,negroe,proud,1
2228,negroe,riot,1
2229,negroe,satisfied,1
2230,negroe,see,2
2231,negroe,separate,1
2232,negroe,sleeping,1
2233,negroe,social,1
2234,negroe,soldier,1
2235,negroe,southerner,1
2236,negroe,stay,1
2237,negroe,superficial,1
2238,negroe,tend,1
2239,negroe,think,1
2240,negroe,treat,1
2241,negroe,want,1
2242,negroe,white,7
2243,negroe,whites,2
2244,negroe,work,1
2245,Negroe,camp,1
2246,Negroe,necessary,1
2247,Negroe,officer,1
2248,Negroes,adapt,1
2249,Negroes,desease,1
2250,Negroes,fightig,1
2251,Negroes,love,1
2252,Negroes,mix,1
2253,Negroes,put,1
2254,Negroes,satisfied,1
2255,Negroes,seem,1
2256,Negroes,subseptable,1
2257,Negroes,war,1
2258,Negroes,whites,1
2259,Negroes,Whites,1
2260,Negroes,work,1
2261,negros,man,1
2262,negros,white,1
2263,Negros,bad,2
2264,Negros,better,1
2265,Negros,different,1
2266,Negros,idea,1
2267,Negros,labor,1
2268,Negros,oder,1
2269,Negros,understand,1
2270,Negros,white,1
2271,Negros,whites,1
2272,nerve,believe,1
2273,next,black,1
2274,nice,heart,1
2275,nice,thank,1
2276,night,field,1
2277,night,patrol,1
2278,non,com,1
2279,non-com,commissione,1
2280,non-com,officer,2
2281,non-com,reciprocate,1
2282,non-com,tend,1
2283,non-commissioned,officr,1
2284,non-commissioned,private,1
2285,noncom,much,1
2286,noncom,show,1
2287,Noncom,cooperate,1
2288,noncommissioned,officer,1
2289,noncommissioned,return,1
2290,NORTH,tolerate,1
2291,northern,living,1
2292,northern,negroe,1
2293,northern,southerner,1
2294,northern,take,1
2295,northern,white,1
2296,Northern,boy,1
2297,Northern,know,1
2298,Northern,Negro,1
2299,number,negroe,1
2300,o.k.,equal,1
2301,o.k.,want,1
2302,obey,black,1
2303,obey,negro,1
2304,obey,officer,1
2305,obey,order,1
2306,obey,take,1
2307,objection,case,1
2308,objection,many,1
2309,occur,unclear,1
2310,oder,perspire,1
2311,odor,finger,1
2312,odor,habit,1
2313,odor,light,1
2314,offense,know,1
2315,officer,cooperate,1
2316,officer,enlist,1
2317,officer,man,1
2318,officer,necessary,1
2319,officer,race,1
2320,officer,return,1
2321,officer,white,1
2322,Officer,know,1
2323,officers,nonComs,1
2324,officr,cooperate,1
2325,officr,line,1
2326,officr,man,1
2327,officr,NCO,1
2328,officr,private,1
2329,officr,vise,1
2330,oil,water,1
2331,old,army,1
2332,old,case,1
2333,old,difference,1
2334,old,factor,1
2335,old,feeling,1
2336,old,grudge,1
2337,old,negro,2
2338,old,question,1
2339,old,racial,1
2340,old,result,1
2341,old,say,1
2342,one,deserve,1
2343,one,like,1
2344,one,outfit,1
2345,one,time,1
2346,operate,better,1
2347,operate,complicated,1
2348,operate,machine,1
2349,operate,mor,1
2350,opinion,officers,1
2351,opinion,seperate,1
2352,opinion,soldier,1
2353,opinion,work,1
2354,opportunity,credit,1
2355,opportunity,get,1
2356,oppose,class,1
2357,oppose,mix,1
2358,oppose,negro,1
2359,oppose,people,1
2360,order,direct,1
2361,order,feeling,1
2362,order,keep,1
2363,order,latrine,1
2364,order,negro,1
2365,order,negroe,2
2366,order,non-com,1
2367,order,officer,1
2368,order,share,1
2369,order,variance,1
2370,order,war,1
2371,order,win,1
2372,ordr,negroe,1
2373,ordr,non-com,1
2374,organization,combine,1
2375,organization,note,1
2376,organization,races,1
2377,organization,retard,1
2378,organization,war,1
2379,outcast,use,1
2380,outfin,o.k.,1
2381,outfin,war,1
2382,outfit,accustom,1
2383,outfit,argument,1
2384,outfit,bad,1
2385,outfit,bear,1
2386,outfit,better,2
2387,outfit,bunch,1
2388,outfit,cause,1
2389,outfit,chance,2
2390,outfit,circumstance,1
2391,outfit,close,1
2392,outfit,colored,1
2393,outfit,colors,1
2394,outfit,combat,1
2395,outfit,cooperate,1
2396,outfit,depend,1
2397,outfit,different,1
2398,outfit,distinguish,1
2399,outfit,eat,1
2400,outfit,effective,1
2401,outfit,efficiency,1
2402,outfit,enough,1
2403,outfit,feel,1
2404,outfit,fight,1
2405,outfit,gain,1
2406,outfit,get,2
2407,outfit,harder,1
2408,outfit,idea,1
2409,outfit,inferior,1
2410,outfit,kind,1
2411,outfit,less,1
2412,outfit,live,1
2413,outfit,make,2
2414,outfit,many,1
2415,outfit,mean,2
2416,outfit,mingle,1
2417,outfit,mix,1
2418,outfit,negro,1
2419,outfit,negroe,4
2420,outfit,Negroes,1
2421,outfit,officer,1
2422,outfit,opinion,1
2423,outfit,personnel,1
2424,outfit,possible,1
2425,outfit,preference,1
2426,outfit,prevent,1
2427,outfit,race,1
2428,outfit,resent,1
2429,outfit,separate,1
2430,outfit,show,1
2431,outfit,southern,1
2432,outfit,southerner,1
2433,outfit,suggest,1
2434,outfit,thier,1
2435,outfit,trouble,1
2436,outfit,try,1
2437,outfit,unclear,1
2438,outfit,white,3
2439,outfit,whites,1
2440,outfit,whole,1
2441,outfit,wold,1
2442,outfit,work,4
2443,outfits,make,1
2444,outfits,segregate,1
2445,outfits,way,1
2446,outlook,different,1
2447,outlook,people,1
2448,outlook,sanitation,1
2449,Outlook,way,1
2450,overbear,negro,1
2451,overrun,negro,1
2452,overrun,soldier,1
2453,owe,situation,1
2454,P.X.,make,1
2455,paragraph,myth,1
2456,parciality,selct,1
2457,part,country,1
2458,part,fight,1
2459,part,like,1
2460,part,settle,1
2461,part,start,1
2462,part,think,1
2463,part,training,1
2464,peace,outfit,1
2465,pecularaty,peculiarity,1
2466,people,accept,1
2467,people,advantage,1
2468,people,avoid,1
2469,people,belong,1
2470,people,cent,1
2471,people,colo,1
2472,people,colored,1
2473,people,different,1
2474,people,discriminate,1
2475,people,discrimination,1
2476,people,educate,1
2477,people,get,2
2478,people,give,1
2479,people,grudge,1
2480,people,heart,1
2481,people,inferior,1
2482,people,keep,1
2483,people,know,1
2484,people,learn,1
2485,people,like,10
2486,people,lot,1
2487,people,many,1
2488,people,meet,1
2489,people,mingle,1
2490,people,mix,2
2491,people,negor,1
2492,people,negro,6
2493,people,negroe,3
2494,people,nice,1
2495,people,old,2
2496,people,outfit,1
2497,people,people,2
2498,people,put,1
2499,people,satisfy,1
2500,people,see,1
2501,people,seem,1
2502,people,south,1
2503,people,stand,1
2504,people,superiority,1
2505,people,take,2
2506,people,tend,1
2507,people,tendency,1
2508,people,thank,1
2509,people,thing,1
2510,people,think,1
2511,people,trouble,1
2512,people,trust,1
2513,people,try,1
2514,people,understand,1
2515,people,understanding,1
2516,people,use,2
2517,people,work,1
2518,People,dirty,1
2519,perform,army,1
2520,perform,life,1
2521,period,much,1
2522,person,army,1
2523,person,fight,1
2524,person,sleep,1
2525,person,want,1
2526,personal,educational,1
2527,personal,feel,1
2528,personal,prejudice,1
2529,personal,reason,1
2530,personnel,ideal,1
2531,personnel,means,1
2532,personnel,treat,1
2533,perspire,people,1
2534,perspire,white,1
2535,phase,feel,1
2536,pick,group,1
2537,pick,special,1
2538,pick,thing,1
2539,pick,unclear,1
2540,place,camp,1
2541,place,case,1
2542,place,industry,1
2543,place,negro,1
2544,place,negroe,1
2545,place,outfit,1
2546,place,stay,1
2547,place,think,1
2548,place,time,1
2549,place,white,1
2550,place,whites,1
2551,play,foxcut,1
2552,plenty,fight,1
2553,point,mix,1
2554,point,race,1
2555,point,view,1
2556,poor,camp,1
2557,poor,devils,2
2558,poor,fighting,1
2559,poor,human,1
2560,poor,outfit,1
2561,poot,[/unclear,1
2562,poot,sepert,1
2563,position,advance,1
2564,position,cause,1
2565,position,trouble,1
2566,possible,chance,1
2567,possible,friction,1
2568,possible,much,1
2569,possible,work,1
2570,post-war,understanding,1
2571,power,push,1
2572,practical,education,1
2573,practical,necessity,1
2574,practice,bring,1
2575,practice,negroe,1
2576,precede,keep,1
2577,precede,peace,1
2578,precede,question,1
2579,predejectry,see,1
2580,predjudice,erase,1
2581,predjudice,strong,1
2582,prefer,outfit,1
2583,prefer,respective,1
2584,preference,show,1
2585,preference,wold,1
2586,prejudice,deletion,1
2587,prejudice,exist,2
2588,prejudice,existend,1
2589,prejudice,feel,1
2590,prejudice,group,1
2591,prejudice,hat,1
2592,prejudice,keep,1
2593,prejudice,negro,1
2594,prejudice,negroe,1
2595,present,condition,1
2596,present,difference,1
2597,present,friction,1
2598,present,living,1
2599,present,standard,1
2600,present,time,3
2601,present,work,1
2602,present,yes,1
2603,prevent,argument,3
2604,prevent,feeling,1
2605,prevent,fight,1
2606,prevent,friction,3
2607,prevent,less,1
2608,prevent,many,1
2609,prevent,races,1
2610,prevent,riot,1
2611,prevent,trouble,1
2612,prevent,unecessary,1
2613,prevent,whites,1
2614,previous,number,1
2615,previous,question,2
2616,previous,statement,1
2617,pride,outfit,1
2618,private,respects,1
2619,Privilege,Soldiers,1
2620,Privilege,white,1
2621,privileges,chance,1
2622,privileges,whites,1
2623,privilegs,white,1
2624,problem,hand,1
2625,proceeding,statement,1
2626,promote,feeling,2
2627,promote,unity,1
2628,proud,accomplishment,1
2629,proud,outfit,1
2630,prove,ability,1
2631,prove,way,1
2632,prove,worth,1
2633,punish,manner,1
2634,push,around,1
2635,put,efficiency,1
2636,put,equality,1
2637,put,first,1
2638,put,front,1
2639,put,heart,1
2640,put,negro,1
2641,put,negroe,2
2642,put,outfit,2
2643,put,question,1
2644,put,social,1
2645,put,white,4
2646,qt.,number,1
2647,qualifie,necessity,1
2648,qualifie,practical,1
2649,qualified,negroe,1
2650,quarrel,contention,1
2651,quell,prejudice,1
2652,question,Creep,1
2653,question,give,1
2654,question,impractical,1
2655,question,interesting,1
2656,question,keep,1
2657,question,negro,2
2658,question,number,1
2659,question,paragraph,1
2660,question,peace,1
2661,question,races,1
2662,question,superior,1
2663,question,white,1
2664,questionnaire,good,1
2665,questionnear,good,1
2666,questionnear,thing,1
2667,quick,white,1
2668,quide,larged,1
2669,quote,[/unclear,1
2670,race,agree,1
2671,race,attitude,1
2672,race,better,1
2673,race,cause,1
2674,race,cent,1
2675,race,cleaner,1
2676,race,color,3
2677,race,come,1
2678,race,cooperate,1
2679,race,creed,1
2680,race,devils,1
2681,race,different,1
2682,race,fight,1
2683,race,hat,2
2684,race,make,1
2685,race,mingle,1
2686,race,mix,2
2687,race,order,1
2688,race,people,3
2689,race,person,1
2690,race,poor,1
2691,race,power,1
2692,race,prejudice,2
2693,race,push,1
2694,race,riot,1
2695,race,separate,4
2696,race,seperate,1
2697,race,superiority,1
2698,race,unclear,1
2699,race,use,1
2700,race,verce,1
2701,race,white,1
2702,race,win,1
2703,races,better,1
2704,races,color,1
2705,races,divide,1
2706,races,enjoy,1
2707,races,gel,1
2708,races,get,1
2709,races,individual,1
2710,races,interbree,1
2711,races,lead,1
2712,races,man,1
2713,races,mix,3
2714,races,units,1
2715,races,work,3
2716,Races,feel,1
2717,Races,mix,1
2718,racial,cause,1
2719,racial,deletion,1
2720,racial,difference,3
2721,racial,difficulty,1
2722,racial,discontentment,1
2723,racial,discrimination,1
2724,racial,exist,1
2725,racial,existend,1
2726,racial,hard,1
2727,racial,hatered,1
2728,racial,hatred,1
2729,racial,predjudice,3
2730,racial,prejudice,3
2731,racial,Prejudices,1
2732,racial,pride,1
2733,racial,superiority,1
2734,racial,tend,1
2735,racial,white,1
2736,rain,basic,1
2737,rainy,season,1
2738,raise,different,1
2739,raise,negro,1
2740,range,record,1
2741,rank,cause,1
2742,rank,fight,1
2743,rank,people,1
2744,rank,white,1
2745,rank,whites,1
2746,rate,high,1
2747,ration,army,1
2748,react,different,1
2749,realize,hard,1
2750,reason,different,1
2751,reason,educational,1
2752,reason,fellow,1
2753,reason,give,2
2754,reason,last,1
2755,reason,list,1
2756,reason,number,1
2757,reason,people,1
2758,reason,put,1
2759,reason,question,7
2760,reason,separate,1
2761,reason,soilder,1
2762,reason,south,1
2763,reason,state,5
2764,reason,think,1
2765,reason,white,1
2766,reception,classify,1
2767,reciprocate,bully,1
2768,reciprocate,private,1
2769,reciprocate,white,1
2770,reckless,cleanliness,1
2771,record,establish,1
2772,record,negroe,1
2773,record,rain,1
2774,refuse,bink,1
2775,regards,promotions,1
2776,regards,race,1
2777,regiment,company,1
2778,regiment,different,1
2779,relationship,better,1
2780,relationship,understanding,1
2781,relish,idea,1
2782,remember,good,1
2783,remove,idea,1
2784,remove,race,1
2785,replace,unclear,1
2786,resent,get,1
2787,resent,negro,1
2788,resent,negroe,1
2789,resent,ordr,1
2790,resent,take,1
2791,resentment,enmity,1
2792,Resentment,anti-negro,1
2793,Resentment,many,1
2794,respective,outfit,1
2795,respond,better,1
2796,respond,negro,1
2797,restraint,outfit,1
2798,result,friction,1
2799,result,less,1
2800,result,mix,1
2801,result,set,1
2802,result,trouble,1
2803,retard,effort,1
2804,retard,war,1
2805,return,night,1
2806,return,Noncom,1
2807,right,colored,1
2808,right,man,1
2809,right,Negroes,1
2810,right,stay,1
2811,right,white,1
2812,rights,black,1
2813,rights,equal,1
2814,rights,freedom,1
2815,rights,man,1
2816,rights,privileges,1
2817,rights,white,1
2818,riot,disorder,1
2819,riot,place,1
2820,riot,take,1
2821,riot,unclear,1
2822,rite,way,1
2823,roof,healthy,1
2824,roof,stay,1
2825,room,boat,1
2826,room,eat,1
2827,room,sleep,1
2828,ruin,morale,1
2829,ruin,part,1
2830,rule,cooperate,1
2831,rule,race,1
2832,rule,work,1
2833,run,negro,1
2834,run,place,1
2835,rushe,wait,1
2836,safe,intermingling,1
2837,safe,man,1
2838,sanitary,reason,1
2839,sanitation,people,1
2840,sanitation,white,1
2841,satisfied,better,1
2842,satisfied,commander,1
2843,satisfied,outfit,1
2844,satisfied,stand,1
2845,satisfied,way,1
2846,satisfied,white,1
2847,satisfy,outfit,1
2848,sauth,think,1
2849,save,lot,1
2850,save,trouble,1
2851,say,army,1
2852,say,color,1
2853,say,depend,1
2854,say,hell,1
2855,say,let,1
2856,say,live,1
2857,say,rushe,1
2858,say,separate,2
2859,say,standpoint,1
2860,say,white,1
2861,seas,fighting,1
2862,section,country,2
2863,section,important,1
2864,section,negro,1
2865,section,separation,1
2866,section,town,1
2867,see,action,1
2868,see,answer,1
2869,see,better,1
2870,see,black,1
2871,see,comment,1
2872,see,difference,1
2873,see,man,1
2874,see,note,1
2875,see,previous,1
2876,see,question,3
2877,see,reason,3
2878,see,seem,1
2879,see,statement,1
2880,see,thing,1
2881,see,unclear,1
2882,see,white,1
2883,see,work,1
2884,seem,better,2
2885,seem,heart,1
2886,seem,lot,1
2887,seem,natural,1
2888,seem,nice,1
2889,seem,people,1
2890,seem,person,1
2891,seem,slower,1
2892,seem,social,1
2893,seem,team,1
2894,seem,thank,1
2895,seem,understand,1
2896,seem,unusual,1
2897,seem,work,2
2898,segregate,respect,1
2899,segregate,way,1
2900,segregation,less,1
2901,segregation,result,1
2902,selct,ability,1
2903,selct,accord,1
2904,seldom,become,1
2905,seldom,friendly,1
2906,select,noncom,1
2907,select,show,1
2908,self,negro,1
2909,self,way,1
2910,self,white,1
2911,selve,good,1
2912,separat,keep,1
2913,separat,outfit,1
2914,separat,trouble,1
2915,separat,white,1
2916,separate,accomplish,1
2917,separate,achieve,1
2918,separate,adapt,1
2919,separate,argument,1
2920,separate,barrack,2
2921,separate,best,1
2922,separate,better,1
2923,separate,camp,2
2924,separate,cause,1
2925,separate,chance,1
2926,separate,color,1
2927,separate,depend,1
2928,separate,disastr,1
2929,separate,efficiency,2
2930,separate,faction,1
2931,separate,feel,1
2932,separate,fight,1
2933,separate,fighting,1
2934,separate,fit,1
2935,separate,friction,1
2936,separate,friend,1
2937,separate,get,1
2938,separate,good,1
2939,separate,group,3
2940,separate,less,3
2941,separate,live,1
2942,separate,make,3
2943,separate,many,1
2944,separate,matter,1
2945,separate,mean,1
2946,separate,mixed,1
2947,separate,negroe,1
2948,separate,Negroes,1
2949,separate,outfit,33
2950,separate,place,1
2951,separate,prevent,1
2952,separate,put,1
2953,separate,quarter,1
2954,separate,race,2
2955,separate,separate,1
2956,separate,sleeping,1
2957,separate,soldier,1
2958,separate,suggest,1
2959,separate,thier,1
2960,separate,think,1
2961,separate,troops,1
2962,separate,try,2
2963,separate,units,2
2964,separate,victory,1
2965,separate,white,4
2966,separate,whites,1
2967,separate,work,3
2968,separating,cause,1
2969,separating,much,1
2970,separation,important,1
2971,separation,int,1
2972,sepeatd,unclear,1
2973,seperat,rasis,1
2974,seperate,camp,1
2975,seperate,outfit,4
2976,seperate,quarter,1
2977,seperate,seas,1
2978,seperate,units,1
2979,Seperate,prefer,1
2980,sepert,unclear,1
2981,seprate,outfit,1
2982,seprate,separate,1
2983,serious,defeat,1
2984,serious,trouble,1
2985,serve,feel,1
2986,serve,mixed,1
2987,serve,outfit,1
2988,serve,race,1
2989,service,get,1
2990,service,reception,1
2991,severe,discipline,1
2992,share,colored,1
2993,share,latrine,1
2994,share,thought,1
2995,shed,blood,1
2996,ship,group,1
2997,shoulder,shoulder,1
2998,show,cause,1
2999,show,much,1
3000,show,parciality,1
3001,show,people,1
3002,show,public,1
3003,show,race,1
3004,show,regards,1
3005,show,way,1
3006,show,white,1
3007,shower,negro,1
3008,side,battle,1
3009,side,force,1
3010,side,forget,1
3011,side,pond,1
3012,side,race,1
3013,side,side,3
3014,side,stay,1
3015,signal,Corps,1
3016,since,soldier,1
3017,single,man,1
3018,single,put,1
3019,single,reason,1
3020,single,south,1
3021,sit,close,1
3022,situation,thing,1
3023,slave,treat,1
3024,sleep,barrack,2
3025,sleep,eat,8
3026,sleep,negro,3
3027,sleep,negroe,1
3028,sleep,nigore,1
3029,sleep,outfit,1
3030,sleep,place,1
3031,sleep,soldier,1
3032,sleep,unclear,1
3033,sleep,whites,1
3034,sleeping,eat,1
3035,sleeping,quarter,1
3036,slopy,good,1
3037,slopy,make,1
3038,slopy,man,1
3039,slower,pick,1
3040,slower,thing,1
3041,smell,goat,1
3042,smell,sweat,1
3043,social,diseases,1
3044,social,dissension,1
3045,social,equality,1
3046,sociologist,negroe,1
3047,sociologist,think,1
3048,soclalzing,unclear,1
3049,soilder,shoulder,1
3050,soldier,benefit,1
3051,soldier,better,3
3052,soldier,C.o,1
3053,soldier,care,1
3054,soldier,chance,1
3055,soldier,change,1
3056,soldier,different,2
3057,soldier,drink,1
3058,soldier,drop,1
3059,soldier,feel,1
3060,soldier,find,1
3061,soldier,funny,1
3062,soldier,get,9
3063,soldier,give,1
3064,soldier,head,1
3065,soldier,insertion,1
3066,soldier,learn,1
3067,soldier,like,6
3068,soldier,live,2
3069,soldier,make,1
3070,soldier,matter,1
3071,soldier,mind,1
3072,soldier,mix,3
3073,soldier,mixed,1
3074,soldier,narrow,1
3075,soldier,negroe,1
3076,soldier,o.k.,1
3077,soldier,obey,1
3078,soldier,offend,1
3079,soldier,operate,1
3080,soldier,outfit,4
3081,soldier,overlook,1
3082,soldier,overrun,1
3083,soldier,part,1
3084,soldier,people,1
3085,soldier,prejudice,1
3086,soldier,privilege,1
3087,soldier,section,1
3088,soldier,seem,1
3089,soldier,separate,2
3090,soldier,separation,1
3091,soldier,seperate,1
3092,soldier,slower,1
3093,soldier,soldier,1
3094,soldier,south,1
3095,soldier,southerner,1
3096,soldier,superior,1
3097,soldier,take,1
3098,soldier,tend,1
3099,soldier,try,2
3100,soldier,unclear,2
3101,soldier,use,2
3102,soldier,want,2
3103,soldier,way,1
3104,soldier,white,2
3105,soldier,work,4
3106,soldier,woul,1
3107,soldier,woune,1
3108,Soldiers,gether,1
3109,soldirs,Negroes,1
3110,solider,wood,1
3111,sort,aversion,1
3112,sort,disagreiment,1
3113,sort,feeling,1
3114,sort,inborn,1
3115,sort,independent,1
3116,Sothern,Negroes,1
3117,Sothern,soldirs,1
3118,south,explain,2
3119,south,fellow,1
3120,south,hate,1
3121,south,like,3
3122,south,lot,1
3123,south,negro',1
3124,south,think,1
3125,South,get,1
3126,southern,attitude,1
3127,southern,bear,1
3128,southern,boy,3
3129,southern,get,1
3130,southern,include,1
3131,southern,like,1
3132,southern,man,1
3133,southern,negro,1
3134,southern,northern,1
3135,southern,obey,1
3136,southern,ordr,1
3137,southern,people,3
3138,southern,prejudice,1
3139,southern,put,1
3140,southern,race,1
3141,southern,resent,1
3142,southern,soldier,3
3143,southern,Soldiers,1
3144,southern,take,1
3145,southern,White,1
3146,southern,whites,1
3147,southern,whole,1
3148,Southern,boy,1
3149,Southern,mixed,1
3150,Southern,soldier,1
3151,southerner,feel,1
3152,southerner,hell,1
3153,southerner,mix,1
3154,southerner,northerner,1
3155,southerner,outfit,1
3156,southerner,use,1
3157,southerner,way,1
3158,southerner,white,1
3159,Southerner,acquaintance,1
3160,Southerner,courtmartial,1
3161,sparate,make,1
3162,special,group,1
3163,special,soldier,1
3164,special,trait,1
3165,spirit,help,1
3166,spirit,soldier,1
3167,spirit,white,1
3168,spirit,Whites,1
3169,squabbling,account,1
3170,squabbling,difference,1
3171,squabbling,racial,1
3172,stand,better,1
3173,stand,chance,1
3174,stand,many,1
3175,stand,negro,1
3176,stand,negroe,1
3177,standard,different,1
3178,standard,hygene,1
3179,standard,live,1
3180,standard,living,2
3181,standard,man,1
3182,standard,white,2
3183,standpoint,Southerner,1
3184,start,cause,1
3185,start,fight,4
3186,start,friction,1
3187,start,man,1
3188,start,many,1
3189,start,rainy,1
3190,start,riot,1
3191,start,season,1
3192,start,white,1
3193,state,negro,1
3194,state,number,1
3195,state,question,1
3196,state,think,1
3197,statement,lead,1
3198,station,nativity,1
3199,stay,clean,1
3200,stay,comm,1
3201,stay,ence,1
3202,stay,healthy,1
3203,stay,home,1
3204,stay,outfit,2
3205,stay,place,7
3206,stay,race,1
3207,stay,self,1
3208,stay,side,2
3209,stay,week,1
3210,stink,unclear,1
3211,stomach,change,1
3212,strife,trouble,1
3213,stripe,man,1
3214,stripe,suit,1
3215,strive,credit,1
3216,strong,allow,1
3217,strong,army,1
3218,strong,intermingling,1
3219,strong,weakest,1
3220,subject,say,1
3221,subscribe,question,1
3222,subseptable,desease,1
3223,subsitute,insertion,1
3224,suit,unclear,1
3225,suitable,climate,1
3226,suite,job,1
3227,superficial,believe,1
3228,superior,complex,1
3229,superior,lead,1
3230,superior,men,1
3231,superior,negro,1
3232,superior,races,1
3233,superior,soldier,1
3234,superior,trouble,1
3235,superiority,complex,1
3236,supose,grate,1
3237,suppose,soldier,1
3238,suppose,united,1
3239,sure,bink,1
3240,sure,breed,1
3241,sure,discontent,1
3242,sure,refuse,1
3243,sure,soldier,1
3244,sure,want,1
3245,sure,white,1
3246,surest,ruin,1
3247,surest,way,1
3248,take,advantage,3
3249,take,kind,1
3250,take,living,1
3251,take,man,2
3252,take,negro,1
3253,take,negroe,4
3254,take,order,6
3255,take,ordr,2
3256,take,place,1
3257,take,priviledge,1
3258,take,share,1
3259,take,shower,1
3260,take,thing,1
3261,take,white,2
3262,talent,white,1
3263,talk,act,1
3264,talk,good,1
3265,talk,less,1
3266,tasnks,rest,1
3267,teach,carry,1
3268,teach,diseases,1
3269,teach,negro,1
3270,teach,way,1
3271,teaching,competition,1
3272,teaching,good,1
3273,teaching,unified,1
3274,team,better,1
3275,team,exist,1
3276,team,obtain,1
3277,team,separate,1
3278,team,work,2
3279,teamwork,harmony,1
3280,tell,truth,1
3281,tell,way,1
3282,temperment,different,1
3283,temperment,morale,1
3284,tend,bully,1
3285,tend,discrepacy,1
3286,tend,efficiency,1
3287,tend,impair,1
3288,tend,reciprocate,1
3289,tend,separate,1
3290,tend,underdog,1
3291,tendency,class,1
3292,tendency,lower,1
3293,tendency,mix,1
3294,tendency,moral,1
3295,tendency,oppose,1
3296,tendency,overbear,1
3297,tendency,people,1
3298,tendency,white,1
3299,tent,barrick,1
3300,test,monkeying,1
3301,thang,insertion,1
3302,thank,good,1
3303,thank,soldier,1
3304,thay,seperate,1
3305,theories,racial,1
3306,theories,superiority,1
3307,thier,bad,1
3308,thier,felling,1
3309,thing,army,1
3310,thing,combat,1
3311,thing,give,1
3312,thing,Irregardless,1
3313,thing,leave,1
3314,thing,mass,1
3315,thing,military,1
3316,thing,move,1
3317,thing,run,1
3318,thing,use,1
3319,think,accomplish,1
3320,think,act,1
3321,think,best,1
3322,think,better,11
3323,think,bitter,1
3324,think,boy,1
3325,think,bring,1
3326,think,care,1
3327,think,cause,1
3328,think,commision,1
3329,think,cooperate,1
3330,think,depend,2
3331,think,difference,2
3332,think,different,1
3333,think,element,1
3334,think,else,1
3335,think,feel,2
3336,think,fight,2
3337,think,function,1
3338,think,get,7
3339,think,give,2
3340,think,good,1
3341,think,group,2
3342,think,happier,3
3343,think,harmony,1
3344,think,individual,1
3345,think,keep,3
3346,think,like,2
3347,think,line,1
3348,think,live,1
3349,think,lot,1
3350,think,lower,1
3351,think,make,5
3352,think,man,2
3353,think,mexican,1
3354,think,mix,4
3355,think,mixture,1
3356,think,much,1
3357,think,negro,9
3358,think,negroe,3
3359,think,Negroes,1
3360,think,officer,1
3361,think,old,1
3362,think,people,2
3363,think,qualifie,1
3364,think,question,1
3365,think,questionnaire,1
3366,think,questionnear,1
3367,think,race,1
3368,think,Races,1
3369,think,right,2
3370,think,satisfied,2
3371,think,say,1
3372,think,separate,1
3373,think,slave,1
3374,think,soldier,4
3375,think,Soldiers,1
3376,think,stay,2
3377,think,stripe,1
3378,think,superior,1
3379,think,teamwork,1
3380,think,test,1
3381,think,thing,1
3382,think,trouble,2
3383,think,unclear,1
3384,think,understand,1
3385,think,use,1
3386,think,want,1
3387,think,white,10
3388,think,whole,1
3389,think,work,7
3390,think,wrong,1
3391,thorough,dissatisfaction,1
3392,thorough,resentment,1
3393,thought,experience,1
3394,thought,man,1
3395,thought,white,1
3396,tie,army,1
3397,tie,soldier,1
3398,tie,Southern,1
3399,tie,whole,1
3400,tighter,come,1
3401,time,argue,1
3402,time,ask,1
3403,time,choose,1
3404,time,come,1
3405,time,concentrate,1
3406,time,fight,1
3407,time,get,1
3408,time,great,1
3409,time,many,1
3410,time,saver,1
3411,time,seem,1
3412,time,start,1
3413,time,waste,1
3414,time,way,1
3415,time,work,2
3416,tip,Pepule,1
3417,top,give,1
3418,total,negro,1
3419,total,outfit,1
3420,trace,distinction,1
3421,track,disease,1
3422,tradition,people,1
3423,train,accept,1
3424,train,harder,1
3425,train,people,1
3426,train,soldier,1
3427,train,white,1
3428,training,come,1
3429,training,keep,1
3430,training,separate,1
3431,trait,soldier,1
3432,treat,dog,1
3433,treat,equal,1
3434,treat,slave,1
3435,tridition,predejectry,1
3436,troops,background,1
3437,troops,fight,1
3438,troops,lower,1
3439,troops,separate,1
3440,troops,think,1
3441,trouble,answer,1
3442,trouble,arise,1
3443,trouble,deletion,1
3444,trouble,disease,1
3445,trouble,feel,1
3446,trouble,handle,1
3447,trouble,intermingle,1
3448,trouble,makers,1
3449,trouble,mix,1
3450,trouble,mixing,1
3451,trouble,Negros,1
3452,trouble,outfit,2
3453,trouble,race,1
3454,trouble,races,2
3455,trouble,result,1
3456,trouble,soldier,1
3457,trouble,start,1
3458,trouble,time,2
3459,trouble,whites,2
3460,trouble,Whites,1
3461,truBle,neogro,1
3462,truck,drive,1
3463,truck,garbage,1
3464,truck,man,1
3465,trust,fight,1
3466,trust,mixed,1
3467,trust,negro,1
3468,try,better,2
3469,try,find,1
3470,try,gain,1
3471,try,get,2
3472,try,good,1
3473,try,head,1
3474,try,mix,2
3475,try,negro,1
3476,try,outshine,1
3477,try,overrun,1
3478,try,pick,1
3479,try,show,1
3480,try,war,1
3481,try,win,1
3482,turn,outfit,1
3483,turn,whole,1
3484,twain,meet,1
3485,type,class,1
3486,type,people,1
3487,Unaccustom,live,1
3488,Unaccustom,negro,1
3489,unclean,Disease,1
3490,unclean,filthy,1
3491,unclean,rate,1
3492,unclear,[/unclear,3
3493,unclear,affect,1
3494,unclear,army,1
3495,unclear,bad,2
3496,unclear,better,1
3497,unclear,car,1
3498,unclear,characteristic,1
3499,unclear,Clean,1
3500,unclear,color,1
3501,unclear,competitive,1
3502,unclear,cotofer,1
3503,unclear,decrid,1
3504,unclear,die,1
3505,unclear,different,1
3506,unclear,dress,1
3507,unclear,eme,1
3508,unclear,form,1
3509,unclear,gather,1
3510,unclear,hall,1
3511,unclear,head,1
3512,unclear,kicking,1
3513,unclear,leading,1
3514,unclear,liive,1
3515,unclear,make,1
3516,unclear,man,1
3517,unclear,many,1
3518,unclear,mess,1
3519,unclear,migore,1
3520,unclear,migro,1
3521,unclear,mingle,1
3522,unclear,minority,1
3523,unclear,misatreate,1
3524,unclear,mix,1
3525,unclear,morale,1
3526,unclear,negro,1
3527,unclear,occur,1
3528,unclear,outfit,2
3529,unclear,people,1
3530,unclear,poor,1
3531,unclear,poot,1
3532,unclear,privileges,1
3533,unclear,quote,1
3534,unclear,race,1
3535,unclear,races,1
3536,unclear,raise,1
3537,unclear,replace,1
3538,unclear,self,1
3539,unclear,sepeatd,1
3540,unclear,soclalzing,1
3541,unclear,soldier,1
3542,unclear,spirit,1
3543,unclear,unclear,42
3544,unclear,way,1
3545,unclear,white,3
3546,unclear,win,1
3547,unclear,work,1
3548,uncomfortable,race,1
3549,uncomfortable,white,1
3550,unconsiderate,insertion]white,1
3551,unconsiderate,man,1
3552,underdog,negroe,1
3553,underlin,man,1
3554,underlin,underlin,1
3555,understand,american,1
3556,understand,anthr,1
3557,understand,better,2
3558,understand,fellow,1
3559,understand,man,1
3560,understand,meaning,1
3561,understanding,mix,1
3562,understanding,people,1
3563,undesirable,result,1
3564,undesireable,result,1
3565,undesireable,undesirable,1
3566,unecessary,argument,1
3567,unecessary,fight,1
3568,unfair,fiter,1
3569,Unify,bear,1
3570,Unify,corps,1
3571,unit,mixed,1
3572,united,people,1
3573,units,achieve,1
3574,units,develope,1
3575,units,segreate,1
3576,units,victory,1
3577,units,work,1
3578,unity,tie,1
3579,unusual,amount,1
3580,unusual,lost,1
3581,unusual,motion,1
3582,use,army,2
3583,use,bad,1
3584,use,color,1
3585,use,condition,1
3586,use,head,1
3587,use,latrine,1
3588,use,live,1
3589,use,logic,1
3590,use,negro,1
3591,use,negroe,1
3592,use,outfit,1
3593,use,people,1
3594,use,rite,1
3595,use,way,2
3596,use,white,1
3597,variance,first,1
3598,verce,understand,1
3599,viaw,devils,1
3600,viaw,poor,1
3601,vice,versa,1
3602,victory,separate,1
3603,view,point,1
3604,view,race,1
3605,vise,versa,1
3606,volunteer,mixed,1
3607,volunteer,outfit,1
3608,volunteer,use,1
3609,volunteer,way,1
3610,want,action,1
3611,want,associate,1
3612,want,bit,1
3613,want,buddy,1
3614,want,chance,1
3615,want,close,1
3616,want,eat,2
3617,want,live,7
3618,want,mile,1
3619,want,mingle,1
3620,want,mix,2
3621,want,negro,4
3622,want,negroe,3
3623,want,order,1
3624,want,people,1
3625,want,prove,1
3626,want,punish,1
3627,want,rasis,1
3628,want,see,1
3629,want,seperat,1
3630,want,sgt,1
3631,want,show,1
3632,want,shower,1
3633,want,sleep,12
3634,want,sleeping,2
3635,want,strong,1
3636,want,take,2
3637,want,unclear,2
3638,want,want,1
3639,want,white,1
3640,want,work,2
3641,war,american,1
3642,war,deletion,1
3643,war,effort,1
3644,war,hurry,1
3645,war,job,1
3646,war,liberation,1
3647,war,lower,1
3648,war,make,2
3649,war,morale,1
3650,war,person,1
3651,war,stay,1
3652,war,win,1
3653,wat,power,1
3654,way,better,2
3655,way,different,1
3656,way,full,1
3657,way,get,2
3658,way,hard,1
3659,way,help,1
3660,way,internal,1
3661,way,live,1
3662,way,living,1
3663,way,lower,2
3664,way,merger,1
3665,way,morale,1
3666,way,ruin,1
3667,way,south,1
3668,way,standard,1
3669,way,strain,1
3670,way,thing,2
3671,way,trouble,1
3672,way,unclear,3
3673,way,understand,2
3674,way,want,1
3675,way,work,1
3676,weakest,bad,1
3677,weakest,feeling,1
3678,weakest,link,1
3679,week,advantage,1
3680,week,little,1
3681,week,take,1
3682,week,training,1
3683,wer,people,1
3684,wer,white,1
3685,West,twain,1
3686,wet,cold,1
3687,whereas,open,1
3688,white,adjust,1
3689,white,bad,1
3690,white,become,1
3691,white,believe,1
3692,white,belong,1
3693,white,beter,1
3694,white,better,2
3695,white,black,5
3696,white,Black,1
3697,white,boy,9
3698,white,bring,1
3699,white,buddy,1
3700,white,care,1
3701,white,cent,1
3702,white,colo,1
3703,white,color,4
3704,white,colored,4
3705,white,colors,1
3706,white,commander,1
3707,white,complain,1
3708,white,control,1
3709,white,courtmartial,1
3710,white,dam,1
3711,white,different,1
3712,white,discriminate,1
3713,white,exception,1
3714,white,exist,1
3715,white,feel,4
3716,white,fellow,3
3717,white,fight,1
3718,white,folk,1
3719,white,foreman,1
3720,white,friendly,1
3721,white,get,13
3722,white,gether,1
3723,white,give,1
3724,white,hate,1
3725,white,head,1
3726,white,impose,1
3727,white,inferior,1
3728,white,intelligence,1
3729,white,job,1
3730,white,keep,1
3731,white,learn,2
3732,white,let,1
3733,white,like,22
3734,white,live,2
3735,white,living,1
3736,white,lose,1
3737,white,love,1
3738,white,man,33
3739,white,mix,8
3740,white,NCO,1
3741,white,negor,1
3742,white,negro,20
3743,white,Negro,1
3744,white,negroe,6
3745,white,Negroes,1
3746,white,northerner,1
3747,white,number,1
3748,white,obey,1
3749,white,offend,1
3750,white,officr,2
3751,white,old,1
3752,white,order,1
3753,white,outfit,11
3754,white,people,46
3755,white,person,1
3756,white,persons,1
3757,white,poot,1
3758,white,prefer,1
3759,white,prejudice,3
3760,white,private,1
3761,white,put,1
3762,white,quell,1
3763,white,race,8
3764,white,racial,1
3765,white,resent,2
3766,white,respective,1
3767,white,seldom,1
3768,white,separate,2
3769,white,seperate,1
3770,white,sleep,1
3771,white,smarter,1
3772,white,soldier,43
3773,white,Soldiers,3
3774,white,solider,1
3775,white,south,1
3776,white,southerner,1
3777,white,Southerner,1
3778,white,superior,2
3779,white,take,3
3780,white,tendency,1
3781,white,thing,1
3782,white,think,4
3783,white,troops,3
3784,white,truBle,1
3785,white,trust,1
3786,white,try,2
3787,white,unclear,3
3788,white,underlin,1
3789,white,unequal,1
3790,white,use,2
3791,white,want,3
3792,white,war,1
3793,white,white,1
3794,white,whites,1
3795,white,woman,1
3796,white,wood,1
3797,white,work,7
3798,white,woune,1
3799,White,NORTH,1
3800,White,White,1
3801,whites,accustom,1
3802,whites,allow,1
3803,whites,bad,1
3804,whites,become,1
3805,whites,fight,2
3806,whites,fraternalize,1
3807,whites,get,2
3808,whites,give,1
3809,whites,know,1
3810,whites,lose,1
3811,whites,man,1
3812,whites,negro,2
3813,whites,negroe,5
3814,whites,nergoe,1
3815,whites,northern,1
3816,whites,put,1
3817,whites,resent,1
3818,whites,white,3
3819,whites,whites,1
3820,whites,work,3
3821,Whites,advantage,1
3822,Whites,become,1
3823,Whites,different,1
3824,Whites,fightig,1
3825,Whites,help,1
3826,Whites,like,1
3827,Whites,live,1
3828,Whites,morale,1
3829,Whites,Negroes,1
3830,Whites,Negros,1
3831,Whites,take,1
3832,whole,army,1
3833,whole,better,1
3834,whole,compete,1
3835,whole,country,1
3836,whole,intelligent,1
3837,whole,negroe,1
3838,whole,outfit,1
3839,whole,relish,1
3840,whole,separate,1
3841,whole,think,1
3842,whole,units,1
3843,wife,believe,1
3844,win,war,4
3845,wish,join,1
3846,wish,make,1
3847,wite,fellow,1
3848,wite,negro,1
3849,wite,want,1
3850,wold,show,1
3851,wold,way,1
3852,wont,selve,1
3853,work,alone,1
3854,work,associate,1
3855,work,best,1
3856,work,better,20
3857,work,close,1
3858,work,combine,1
3859,work,country,1
3860,work,exist,1
3861,work,fight,3
3862,work,function,1
3863,work,get,1
3864,work,gether,1
3865,work,good,1
3866,work,group,1
3867,work,harder,1
3868,work,harmony,1
3869,work,ideal,1
3870,work,individual,1
3871,work,lot,1
3872,work,majority,1
3873,work,man,1
3874,work,mind,1
3875,work,negro,3
3876,work,negroe,1
3877,work,obtain,1
3878,work,outfit,2
3879,work,play,1
3880,work,race,2
3881,work,racial,1
3882,work,right,1
3883,work,separate,3
3884,work,seperat,1
3885,work,seperate,4
3886,work,soldier,1
3887,work,team,1
3888,work,togeather,1
3889,work,unclear,1
3890,work,unit,2
3891,work,units,1
3892,work,way,2
3893,work,week,1
3894,work,white,1
3895,work,whole,1
3896,work,win,1
3897,work,work,1
3898,world,bless,1
3899,worth,effort,1
3900,worth,fighting,1
3901,worth,understand,1
3902,worth,way,1
3903,woul,dorp,1
3904,woul,get,1
3905,woune,get,1
3906,write,get,1
3907,wrong,camp,1
3908,year,fine,1
3909,yellow,fiter,1
3910,yellow,unfair,1
3911,yes,time,1
3912,zone,necessary,1
