"","X","source","target","weight"
"1",1,"[/unclear","crowd",1
"2",2,"[/unclear","separ",1
"3",4,"60","answer",1
"4",5,"abid","spirit",1
"5",10,"abus","soldier",1
"6",11,"abus","white",1
"7",12,"abus","delet",1
"8",13,"accept","rank",1
"9",15,"accept","major",1
"10",16,"accept","negro",1
"11",17,"accomplish","separ",1
"12",18,"accomplish","unit",1
"13",19,"accomplish","negro",1
"14",20,"accomplish","total",1
"15",22,"account","differ",1
"16",23,"account","racial",1
"17",24,"accustom","associ",1
"18",25,"accustom","color",1
"19",26,"accustom","separ",1
"20",27,"achiev","victori",1
"21",28,"achiev","unclear",1
"22",30,"act","offic",1
"23",31,"act","restraint",1
"24",33,"act","white",1
"25",34,"actual","combat",2
"26",35,"actual","demonstr",1
"27",36,"actual","method",1
"28",37,"adapt","climat",1
"29",39,"admit","negro",1
"30",40,"advanc","feel",1
"31",41,"advanc","prevent",1
"32",42,"advantag","privileg",1
"33",43,"affect","unclear",1
"34",44,"afford","dissatisfact",1
"35",46,"agre","mingl",1
"36",47,"argu","equal",1
"37",49,"argu","right",1
"38",50,"alien","poor",1
"39",51,"alien","race",1
"40",64,"alright","friend",1
"41",67,"ambiti","profit",1
"42",68,"american","black",1
"43",69,"american","person",1
"44",70,"american","right",1
"45",71,"amount","lost",1
"46",72,"amount","motion",1
"47",73,"amount","negro",1
"48",74,"amount","white",1
"49",77,"answer","question",3
"50",79,"antinegro","organ",1
"51",80,"antinegro","retard",1
"52",81,"appli","educ",1
"53",82,"appli","practic",1
"54",83,"approv","offic",1
"55",84,"approv","white",1
"56",87,"argument","fight",1
"57",88,"argument","friction",1
"58",89,"argument","separ",1
"59",90,"argument","troubl",1
"60",91,"armi","afford",1
"61",93,"armi","camp",1
"62",94,"armi","corp",1
"63",95,"armi","famili",1
"64",97,"armi","gut",1
"65",98,"armi","instanc",1
"66",99,"armi","life",2
"67",100,"armi","live",1
"68",102,"armi","outfit",1
"69",103,"armi","separ",1
"70",104,"armi","signal",1
"71",105,"armi","sit",1
"72",106,"armi","stomach",1
"73",107,"armi","strict",1
"74",108,"armi","subscrib",1
"75",109,"armi","war",1
"76",110,"armi","white",1
"77",111,"armi","forc",1
"78",114,"asham","truth",1
"79",115,"assault","batteri",1
"80",116,"associ","negro",1
"81",117,"associ","negro",2
"82",118,"associ","peopl",1
"83",119,"associ","white",1
"84",120,"associ","emphas",1
"85",122,"attain","guid",1
"86",123,"attitud","capac",1
"87",125,"attitud","negro",1
"88",126,"attitud","northern",1
"89",127,"attitud","southern",1
"90",128,"attitud","white",1
"91",129,"averag","negro",1
"92",130,"averag","reckless",1
"93",131,"avoid","differ",1
"94",132,"avoid","disord",1
"95",133,"avoid","jealousi",1
"96",134,"avoid","opinion",1
"97",135,"avoid","riot",1
"98",136,"avoid","separ",1
"99",137,"avoid","troubl",1
"100",139,"background","soldier",1
"101",140,"bad","bodi",1
"102",141,"bad","bring",1
"103",142,"bad","busi",1
"104",143,"bad","condit",1
"105",144,"bad","detriment",1
"106",145,"bad","opinion",1
"107",146,"bad","feel",2
"108",147,"bad","feel",1
"109",148,"bad","foot",1
"110",151,"bad","moral",1
"111",152,"bad","negro",1
"112",153,"bad","odor",1
"113",154,"bad","odor",1
"114",155,"bad","peopl",1
"115",156,"bad","perspir",1
"116",157,"bad","practic",1
"117",158,"bad","reason",1
"118",159,"bad","soldier",1
"119",160,"bad","stai",1
"120",161,"bad","unclear",1
"121",162,"bad","white",2
"122",163,"barrack","bad",1
"123",165,"barrack","hall",1
"124",166,"barrack","mess",1
"125",167,"barrack","negro",1
"126",170,"basic","train",1
"127",171,"bath","eat",1
"128",172,"bath","sleep",1
"129",176,"battlefront","share",1
"130",177,"bear","natur",1
"131",178,"bear","negro",1
"132",179,"bear","prejudic",1
"133",180,"bear","south",1
"134",181,"bear","teach",1
"135",190,"behav","act",1
"136",193,"belief","tradit",1
"137",194,"belief","train",1
"138",216,"belong","negro",1
"139",218,"benefit","race",1
"140",299,"bigot","armi",1
"141",300,"bigot","person",1
"142",301,"bigot","live",1
"143",302,"bind","brother",1
"144",304,"bitter","soldier",1
"145",305,"bitter","white",1
"146",306,"black","car",1
"147",307,"black","cleaner",1
"148",308,"black","fight",1
"149",312,"black","mix",1
"150",313,"black","offic",1
"151",314,"black","race",3
"152",315,"black","separ",2
"153",316,"black","soldier",1
"154",317,"black","stripe",1
"155",319,"black","white",6
"156",321,"black","prejudic",1
"157",322,"black","racial",1
"158",323,"black","white",1
"159",324,"blend","negro",1
"160",325,"blend","white",1
"161",326,"blind","white",1
"162",327,"blood","battlefront",1
"163",328,"bodi","cleanli",1
"164",329,"bodi","light",1
"165",330,"bodi","mind",1
"166",331,"bodi","odor",2
"167",332,"bound","aris",1
"168",333,"bound","discord",1
"169",334,"bound","troubl",1
"170",335,"boi","boi",1
"171",336,"boi","damn",1
"172",337,"boi","feel",1
"173",340,"boi","lot",1
"174",341,"boi","mix",1
"175",342,"boi","negro",2
"176",344,"boi","resent",1
"177",345,"boi","smarter",1
"178",346,"boi","south",1
"179",348,"boi","unclear",1
"180",350,"boi","war",1
"181",352,"boi","corp",1
"182",353,"break","custom",1
"183",354,"break","friendship",1
"184",355,"break","mix",1
"185",356,"break","white",1
"186",357,"breed","discont",1
"187",359,"breed","understand",1
"188",361,"bring","disharmoni",1
"189",362,"bring","friction",1
"190",363,"bring","negro",1
"191",364,"bring","relationship",1
"192",365,"bring","understand",1
"193",366,"bring","white",1
"194",367,"broadmind","peopl",1
"195",368,"broadmind","understand",1
"196",369,"brother","brother",1
"197",370,"brother","common",1
"198",372,"build","moral",1
"199",373,"bulli","privat",1
"200",374,"bulli","white",1
"201",376,"bunch","poor",1
"202",377,"bunch","southern",1
"203",378,"bunk","enlist",1
"204",380,"busi","reason",1
"205",382,"call","buddi",1
"206",383,"call","negro",1
"207",384,"camp","basic",1
"208",385,"camp","feel",1
"209",386,"camp","offic",1
"210",387,"camp","start",1
"211",389,"camp","train",1
"212",394,"capabl","type",1
"213",395,"car","stripe",1
"214",396,"car","suit",1
"215",399,"care","mix",2
"216",400,"care","negro",1
"217",401,"care","negro",1
"218",403,"care","object",1
"219",404,"care","sleep",2
"220",405,"carri","diseas",1
"221",411,"cast","tradit",1
"222",446,"cent","negro",1
"223",447,"cent","stand",1
"224",448,"cent","trust",1
"225",452,"chain","strong",1
"226",453,"chanc","abil",1
"227",454,"chanc","advanc",1
"228",455,"chanc","advanc",4
"229",456,"chanc","discontent",1
"230",457,"chanc","express",1
"231",458,"chanc","friction",3
"232",460,"chanc","life",1
"233",461,"chanc","outfit",1
"234",462,"chanc","person",1
"235",463,"chanc","prevent",1
"236",464,"chanc","promot",1
"237",465,"chanc","prove",3
"238",466,"chanc","race",1
"239",467,"chanc","racial",1
"240",468,"chanc","riot",1
"241",469,"chanc","serv",1
"242",470,"chanc","share",1
"243",472,"chanc","undesir",1
"244",473,"chanc","undesir",1
"245",474,"chanc","white",2
"246",475,"chanc","worth",1
"247",476,"chang","armi",2
"248",477,"chang","belief",1
"249",478,"chang","mind",1
"250",479,"chang","tradit",1
"251",482,"characterist","unclear",1
"252",483,"check","mark",1
"253",484,"chines","accept",1
"254",485,"chines","american",1
"255",486,"choos","fight",1
"256",487,"citi","negro",1
"257",488,"citi","run",1
"258",489,"civil","war",1
"259",490,"civilian","life",3
"260",491,"civilian","negro",1
"261",492,"civil","peopl",1
"262",495,"class","peopl",3
"263",496,"class","race",1
"264",497,"class","rememb",1
"265",498,"class","white",1
"266",499,"classifi","limit",1
"267",500,"classifi","servic",1
"268",502,"clean","peopl",1
"269",504,"clean","white",2
"270",505,"climat","white",1
"271",506,"close","associ",1
"272",507,"close","discord",1
"273",508,"close","emphas",1
"274",509,"close","harmoni",1
"275",511,"close","relationship",1
"276",512,"code","instuctor",1
"277",513,"code","phase",1
"278",514,"cold","time",1
"279",515,"color","peopl",1
"280",516,"color","associ",1
"281",517,"color","boi",1
"282",518,"color","boi",1
"283",520,"color","creed",1
"284",521,"color","die",1
"285",522,"color","dirti",1
"286",523,"color","feel",1
"287",524,"color","fight",1
"288",528,"color","mix",2
"289",529,"color","negro",1
"290",530,"color","object",1
"291",531,"color","peopl",3
"292",532,"color","race",3
"293",534,"color","white",1
"294",538,"color","happier",1
"295",539,"color","inferior",1
"296",541,"color","mix",1
"297",542,"color","offic",1
"298",543,"color","oper",1
"299",544,"color","peopl",1
"300",545,"color","race",3
"301",546,"color","separ",1
"302",547,"color","soldier",1
"303",548,"color","southern",1
"304",549,"color","troop",2
"305",550,"color","unclear",2
"306",551,"color","white",2
"307",554,"combat","duti",1
"308",559,"combat","outfit",1
"309",560,"combat","serv",1
"310",561,"combat","zone",1
"311",562,"combin","outfit",1
"312",563,"combin","race",1
"313",578,"comfort","live",1
"314",579,"comm","comm",1
"315",581,"comment","common",1
"316",582,"comment","appli",1
"317",584,"comment","question",1
"318",586,"commiss","enlist",1
"319",588,"commiss","offic",1
"320",589,"commiss","offic",1
"321",591,"common","level",1
"322",592,"common","negro",1
"323",593,"compani","soldier",1
"324",594,"compet","soldier",1
"325",595,"compet","white",1
"326",596,"competit","competit",1
"327",597,"competit","unifi",1
"328",598,"competit","spirit",1
"329",599,"competit","unclear",1
"330",600,"complet","equal",1
"331",601,"complet","uniti",1
"332",603,"complex","result",1
"333",604,"complic","machin",1
"334",609,"condit","camp",1
"335",610,"condit","chang",1
"336",612,"condit","elimin",1
"337",613,"condit","friction",1
"338",617,"condit","outfit",1
"339",618,"condit","race",1
"340",619,"condit","separ",1
"341",620,"condit","soldier",1
"342",621,"condit","white",1
"343",623,"conduct","white",1
"344",624,"connect","outfit",1
"345",626,"constant","content",1
"346",627,"constant","quarrel",1
"347",630,"contact","negro",1
"348",631,"contact","negro",1
"349",632,"content","bound",1
"350",633,"continu","sort",1
"351",636,"cooper","noncom",1
"352",637,"cooper","offic",1
"353",638,"cooper","offic",1
"354",639,"cooper","outfit",1
"355",640,"cooper","separ",1
"356",642,"cooper","mix",2
"357",643,"cooper","outfit",1
"358",644,"cooper","separ",1
"359",646,"corp","bear",1
"360",647,"corp","natur",1
"361",650,"countri","civil",1
"362",651,"countri","negro",1
"363",652,"countri","peopl",1
"364",653,"countri","seldom",1
"365",655,"countri","white",1
"366",656,"countri","world",1
"367",657,"court","eat",1
"368",658,"court","martial",1
"369",659,"courtmarti","assault",1
"370",660,"courtmarti","dai",1
"371",661,"creat","disturb",1
"372",662,"creat","fight",1
"373",663,"creat","friction",1
"374",665,"creat","lack",1
"375",667,"creat","outfit",1
"376",668,"creat","troubl",2
"377",670,"credit","achiev",1
"378",671,"credit","credit",1
"379",672,"credit","race",1
"380",673,"creed","bind",1
"381",674,"crimin","intent",1
"382",675,"custom","tradit",1
"383",676,"custom","belief",1
"384",677,"damn","mix",1
"385",678,"damn","negro",1
"386",679,"damn","sleep",1
"387",680,"date","accustom",1
"388",681,"dai","assault",1
"389",682,"dai","batteri",1
"390",683,"deal","hurri",1
"391",684,"deal","negro",1
"392",685,"deal","prejudic",1
"393",686,"deal","race",2
"394",687,"deal","unclear",1
"395",693,"delet","abus",1
"396",694,"delet","delet",8
"397",695,"delet","fight",1
"398",697,"delet","outfit",1
"399",698,"delet","peopl",1
"400",700,"democrat","leav",1
"401",702,"demonstr","method",1
"402",703,"depend","amount",1
"403",704,"depend","circumst",1
"404",705,"depend","individu",1
"405",706,"depend","local",1
"406",707,"depend","negro",1
"407",708,"depend","section",1
"408",709,"desecr","rank",1
"409",710,"desir","odor",1
"410",711,"destroi","appli",1
"411",712,"detriment","moral",1
"412",713,"develop","separ",1
"413",714,"develop","segreg",1
"414",717,"devil","human",1
"415",718,"die","quick",1
"416",719,"diseas","white",1
"417",724,"differ","race",1
"418",725,"differ","civilian",1
"419",726,"differ","class",1
"420",727,"differ","condit",2
"421",728,"differ","creat",1
"422",730,"differ","habit",1
"423",731,"differ","hard",1
"424",732,"differ","live",4
"425",733,"differ","live",1
"426",734,"differ","negro",1
"427",735,"differ","nerv",1
"428",736,"differ","opinion",1
"429",737,"differ","soldier",1
"430",738,"differ","standard",2
"431",739,"differ","tend",1
"432",740,"differ","troubl",1
"433",793,"difficulti","prejudic",1
"434",794,"difficulti","race",1
"435",797,"direct","contact",1
"436",799,"direct","negro",1
"437",800,"direct","varianc",1
"438",801,"dirti","bodi",1
"439",802,"dirti","fellow",1
"440",803,"dirti","human",1
"441",805,"dirti","mind",1
"442",806,"dirti","unclear",1
"443",807,"dirti","white",1
"444",808,"disast","aris",1
"445",809,"disast","faction",1
"446",811,"discord","avoid",1
"447",812,"discord","negro",1
"448",813,"discord","negro",1
"449",814,"discrep","offic",1
"450",815,"discrep","white",1
"451",816,"discrimin","color",1
"452",817,"discrimin","white",1
"453",819,"discrimin","disun",1
"454",820,"discrimin","prejudic",1
"455",821,"discrimin","racial",1
"456",822,"discuss","condit",1
"457",824,"diseas","rate",1
"458",825,"diseas","spread",1
"459",826,"dislik","mix",1
"460",827,"dislik","negro",2
"461",828,"dislik","peopl",1
"462",829,"dislik","white",1
"463",831,"dislik","white",1
"464",832,"dissatisfact","resent",1
"465",834,"distinct","peopl",1
"466",835,"distinct","power",1
"467",836,"distinct","race",1
"468",837,"distinct","white",1
"469",838,"disturb","mix",1
"470",839,"disturb","unclear",1
"471",840,"disun","disun",1
"472",841,"disun","lose",1
"473",842,"disun","war",1
"474",843,"drop","drop",1
"475",844,"doubt","negro",1
"476",846,"doubt","white",1
"477",847,"dress","unclear",1
"478",848,"drill","eat",1
"479",850,"drill","sleep",1
"480",851,"drill","white",1
"481",852,"drink","matter",1
"482",853,"drink","soldier",1
"483",854,"drive","garbag",1
"484",856,"drop","happen",1
"485",857,"drop","moral",1
"486",858,"eas","comfort",1
"487",859,"easier","disciplin",1
"488",860,"easier","maintain",1
"489",862,"eat","essenti",1
"490",864,"eat","live",1
"491",865,"eat","mess",2
"492",866,"eat","negro",2
"493",867,"eat","negro",2
"494",868,"eat","sleep",3
"495",869,"eat","white",1
"496",871,"educ","actual",1
"497",872,"educ","bodi",1
"498",873,"educ","cleanli",1
"499",874,"effici","attain",1
"500",875,"effici","lose",1
"501",876,"effici","lower",1
"502",877,"effici","outfit",3
"503",878,"effici","white",1
"504",879,"effici","negro",1
"505",881,"effort","lower",1
"506",882,"effort","mean",1
"507",883,"effort","moral",1
"508",884,"effort","unclear",1
"509",885,"effort","understand",1
"510",888,"elimin","argument",1
"511",890,"elimin","polici",1
"512",893,"eas","unclear",1
"513",895,"enabl","cooper",1
"514",900,"enlist","finish",1
"515",903,"enmiti","troop",1
"516",914,"entitl","right",1
"517",915,"equal","chanc",1
"518",916,"equal","peopl",1
"519",917,"equal","privileg",1
"520",918,"equal","rank",1
"521",919,"equal","right",2
"522",920,"equal","treatment",1
"523",921,"equal","white",2
"524",922,"equip","connect",1
"525",923,"equip","outfit",1
"526",924,"essenti","armi",1
"527",925,"essenti","perform",1
"528",926,"etern","question",1
"529",927,"etern","race",1
"530",928,"etern","superior",1
"531",929,"except","cent",1
"532",930,"except","trust",1
"533",931,"excus","troubl",1
"534",932,"excus","white",1
"535",933,"exist","common",1
"536",935,"exist","level",1
"537",936,"exist","spirit",1
"538",937,"exist","unclear",1
"539",938,"expect","carri",1
"540",939,"experienc","traini",1
"541",940,"explain","unclear",1
"542",941,"extent","live",1
"543",943,"extrem","condit",1
"544",944,"extrem","differ",1
"545",945,"extrem","emerg",1
"546",946,"extrem","live",1
"547",954,"faction","aris",1
"548",955,"factor","result",1
"549",958,"familiar","code",1
"550",959,"famili","furlough",1
"551",961,"fanci","bunk",1
"552",962,"fanci","idea",1
"553",963,"favorit","color",1
"554",964,"feel","peopl",1
"555",966,"feel","equal",1
"556",967,"feel","free",1
"557",968,"feel","home",1
"558",969,"feel","inferior",3
"559",970,"feel","natur",1
"560",971,"feel","negro",2
"561",973,"feel","satisfi",1
"562",974,"feel","soldier",1
"563",975,"feel","talk",1
"564",976,"feel","unclear",3
"565",977,"feel","unequ",1
"566",978,"feel","white",3
"567",980,"feel","black",1
"568",981,"feel","detriment",1
"569",982,"feel","favorit",1
"570",986,"feel","moral",1
"571",987,"feel","race",1
"572",988,"feel","soldier",1
"573",989,"feel","unclear",1
"574",990,"feel","uniti",1
"575",991,"feel","white",2
"576",994,"feel","peopl",1
"577",995,"feel","white",1
"578",1000,"fellow","negro",1
"579",1001,"fellow","negro",1
"580",1002,"fellow","react",1
"581",1003,"fellow","sleep",1
"582",1004,"fellow","soldier",1
"583",1005,"fellow","south",1
"584",1006,"fellow","stand",1
"585",1009,"fellow","soldier",1
"586",1010,"fellow","white",1
"587",1011,"fight","battl",1
"588",1014,"fight","countri",1
"589",1016,"fight","disord",1
"590",1017,"fight","enemi",1
"591",1018,"fight","equal",1
"592",1019,"fight","feel",1
"593",1020,"fight","fellow",1
"594",1021,"fight","forget",1
"595",1022,"fight","freedom",1
"596",1025,"fight","harder",1
"597",1026,"fight","interspers",1
"598",1027,"fight","kill",1
"599",1029,"fight","mix",1
"600",1031,"fight","negro",3
"601",1032,"fight","peopl",1
"602",1033,"fight","race",1
"603",1034,"fight","reason",1
"604",1035,"fight","right",1
"605",1036,"fight","ring",1
"606",1037,"fight","riot",1
"607",1040,"fight","separ",3
"608",1042,"fight","soldier",1
"609",1043,"fight","sort",1
"610",1044,"fight","southern",1
"611",1046,"fight","time",1
"612",1047,"fight","top",1
"613",1048,"fight","troubl",1
"614",1049,"fight","unit",1
"615",1050,"fight","war",2
"616",1052,"fight","white",3
"617",1053,"fight","white",2
"618",1054,"fight","liber",1
"619",1055,"fight","war",1
"620",1056,"fight","mark",1
"621",1057,"fight","outfit",1
"622",1058,"fight","unit",1
"623",1067,"fine","child",1
"624",1070,"fine","peopl",1
"625",1071,"finish","war",1
"626",1072,"fire","rang",1
"627",1078,"outfit","white",1
"628",1079,"fight","drop",1
"629",1081,"follow","offic",1
"630",1082,"food","armi",1
"631",1083,"food","ration",1
"632",1084,"fool","lot",1
"633",1086,"forc","obei",1
"634",1087,"forget","race",1
"635",1088,"form","troubl",1
"636",1090,"fratern","negro",1
"637",1091,"free","act",1
"638",1092,"free","talk",1
"639",1094,"fresh","mind",1
"640",1096,"friction","color",1
"641",1097,"friction","elimin",1
"642",1100,"friction","negro",1
"643",1101,"friction","negro",1
"644",1102,"friction","negro",1
"645",1103,"friction","race",1
"646",1104,"friction","time",1
"647",1105,"friction","troubl",1
"648",1106,"friction","unclear",1
"649",1107,"friction","white",3
"650",1108,"friction","white",1
"651",1109,"friction","white",1
"652",1116,"function","unit",1
"653",1119,"furlough","outfit",1
"654",1120,"futur","life",1
"655",1121,"futur","war",1
"656",1122,"gain","basic",1
"657",1124,"gain","reput",1
"658",1173,"gather","negro",1
"659",1263,"gradual","process",1
"660",1264,"grate","armi",1
"661",1265,"grave","mistak",1
"662",1292,"grudg","negro",1
"663",1293,"gut","foot",1
"664",1294,"habit","color",1
"665",1295,"habit","live",1
"666",1296,"habit","race",2
"667",1297,"habit","respect",1
"668",1298,"habit","standard",1
"669",1299,"hall","sleep",2
"670",1301,"handl","race",1
"671",1302,"happen","negro",1
"672",1305,"happier","buddi",1
"673",1306,"happier","leav",1
"674",1307,"happier","negro",1
"675",1308,"happier","outfit",1
"676",1310,"hard","break",1
"677",1311,"hard","custom",1
"678",1312,"hard","feel",2
"679",1315,"hard","job",1
"680",1316,"hard","race",1
"681",1317,"hard","stamp",1
"682",1318,"hard","white",1
"683",1320,"harmoni","combin",1
"684",1321,"harmoni","develop",1
"685",1322,"harmoni","discord",1
"686",1324,"harmoni","organ",1
"687",1325,"harmoni","result",1
"688",1326,"hate","negro",1
"689",1328,"hatr","color",1
"690",1330,"hatr","black",1
"691",1331,"hatr","white",1
"692",1333,"health","race",1
"693",1334,"heart","fight",1
"694",1335,"heart","soldier",1
"695",1337,"heat","bad",1
"696",1338,"heat","condit",1
"697",1339,"heat","argument",1
"698",1340,"heat","troubl",1
"699",1341,"hell","countri",1
"700",1342,"hell","pai",1
"701",1367,"hold","negro",1
"702",1368,"hold","soldier",1
"703",1369,"hold","white",1
"704",1371,"home","live",1
"705",1373,"hostil","attitud",1
"706",1374,"hostil","southern",1
"707",1375,"hostil","white",1
"708",1376,"hot","water",1
"709",1377,"human","diseas",1
"710",1378,"human","fight",1
"711",1380,"human","natur",2
"712",1381,"human","question",1
"713",1382,"hurri","wait",1
"714",1383,"hurri","fool",1
"715",1384,"hygen","moral",1
"716",1385,"idea","bunk",1
"717",1386,"idea","chang",1
"718",1387,"idea","condit",1
"719",1388,"idea","eat",1
"720",1389,"idea","futur",1
"721",1392,"idea","life",1
"722",1393,"idea","live",1
"723",1396,"idea","mix",1
"724",1398,"idea","race",1
"725",1399,"idea","separ",1
"726",1400,"idea","sleep",1
"727",1401,"idea","soldier",1
"728",1402,"idea","superior",1
"729",1405,"idea","white",2
"730",1407,"ideal","live",1
"731",1408,"ideal","mean",1
"732",1409,"ignor","race",1
"733",1412,"impair","effici",1
"734",1418,"imposs","harmoni",1
"735",1419,"impract","hostil",1
"736",1420,"impress","outfit",1
"737",1421,"impress","segreg",1
"738",1422,"inborn","avers",1
"739",1424,"includ","negro",1
"740",1425,"includ","offic",2
"741",1426,"includ","outfit",1
"742",1427,"independ","feel",1
"743",1428,"individu","color",1
"744",1429,"individu","feel",1
"745",1431,"individu","life",1
"746",1432,"individu","like",1
"747",1433,"individu","negro",1
"748",1434,"individu","pride",1
"749",1435,"individu","soldier",1
"750",1436,"individu","unit",1
"751",1437,"individu","white",1
"752",1439,"induct","draft",1
"753",1440,"industri","war",1
"754",1441,"inferior","destroi",1
"755",1442,"inferior","peopl",1
"756",1443,"inferior","race",1
"757",1444,"inferior","white",1
"758",1445,"inferior","complex",1
"759",1446,"inferior","superior",1
"760",1447,"inform","subject",1
"761",1454,"instanc","finish",1
"762",1456,"in th","armi",1
"763",1457,"intellig","complic",1
"764",1458,"intellig","oper",1
"765",1464,"intermingl","race",1
"766",1465,"intermix","fight",1
"767",1467,"intern","strain",1
"768",1468,"interspers","separ",1
"769",1469,"irregardless","color",1
"770",1470,"irregardless","race",1
"771",1471,"jealousi","indiffer",1
"772",1475,"join","negro",1
"773",1476,"join","outfit",1
"774",1504,"kick","occur",1
"775",1505,"kick","unclear",1
"776",1531,"labor","heat",1
"777",1541,"latrin","color",1
"778",1542,"latrin","troop",1
"779",1543,"lead","argument",1
"780",1544,"lead","entangl",1
"781",1545,"lead","equal",1
"782",1546,"lead","heat",1
"783",1547,"lead","individu",1
"784",1548,"lead","life",1
"785",1550,"lead","troubl",1
"786",1551,"lead","follow",1
"787",1555,"learn","discrimin",1
"788",1556,"learn","disun",1
"789",1557,"learn","mix",1
"790",1558,"learn","prejudic",1
"791",1559,"learn","quell",1
"792",1561,"leav","white",1
"793",1572,"lessen","complex",1
"794",1573,"lessen","inferior",1
"795",1574,"lessen","superior",1
"796",1583,"level","head",1
"797",1585,"liabl","troubl",2
"798",1586,"liber","delet",1
"799",1587,"life","feel",1
"800",1588,"life","like",1
"801",1589,"life","live",1
"802",1590,"life","major",1
"803",1592,"life","negro",1
"804",1593,"life","treat",1
"805",1594,"life","war",1
"806",1595,"life","white",1
"807",1596,"light","finger",1
"808",1639,"like","pecular",1
"809",1640,"like","peculiar",1
"810",1641,"limit","recept",1
"811",1642,"limit","servic",1
"812",1643,"line","draw",1
"813",1644,"link","bad",1
"814",1645,"link","feel",1
"815",1647,"list","question",1
"816",1652,"live","amount",1
"817",1653,"live","associ",1
"818",1654,"live","barrack",2
"819",1655,"live","bath",1
"820",1656,"live","color",1
"821",1658,"live","condit",3
"822",1659,"live","creat",1
"823",1661,"live","eat",4
"824",1662,"live","fight",1
"825",1663,"live","gut",1
"826",1664,"live","habit",1
"827",1666,"live","mexican",1
"828",1667,"live","negro",2
"829",1668,"live","negro",3
"830",1669,"live","outfit",1
"831",1670,"live","race",1
"832",1671,"live","reason",1
"833",1672,"live","roof",1
"834",1674,"live","section",1
"835",1675,"live","separ",1
"836",1676,"live","sleep",3
"837",1677,"live","stomach",1
"838",1678,"live","tighter",1
"839",1679,"live","train",1
"840",1680,"live","troubl",1
"841",1681,"live","war",1
"842",1682,"live","white",1
"843",1685,"live","idea",1
"844",1686,"live","negro",1
"845",1687,"live","speech",1
"846",1688,"live","standard",2
"847",1689,"local","station",1
"848",1698,"lose","control",1
"849",1699,"lose","life",1
"850",1701,"lose","war",1
"851",1702,"lost","armi",1
"852",1703,"lost","motion",1
"853",1705,"lot","bunk",1
"854",1706,"lot","camp",1
"855",1707,"lot","class",1
"856",1708,"lot","delet",1
"857",1709,"lot","discord",1
"858",1710,"lot","discrimin",1
"859",1711,"lot","dissens",1
"860",1712,"lot","fellow",1
"861",1713,"lot","fight",1
"862",1714,"lot","friction",1
"863",1715,"lot","happier",1
"864",1716,"lot","lower",1
"865",1717,"lot","negro",2
"866",1718,"lot","negro",1
"867",1719,"lot","nonsens",1
"868",1720,"lot","outfit",2
"869",1721,"lot","racial",1
"870",1722,"lot","separ",3
"871",1723,"lot","soldier",3
"872",1724,"lot","start",1
"873",1725,"lot","time",1
"874",1726,"lot","troubl",2
"875",1727,"lot","white",1
"876",1728,"lot","white",1
"877",1729,"love","hold",1
"878",1730,"lower","class",1
"879",1731,"lower","effici",1
"880",1732,"lower","hygen",1
"881",1733,"lower","live",1
"882",1734,"lower","moral",2
"883",1735,"lower","moral",3
"884",1736,"lower","standard",2
"885",1737,"lower","standard",1
"886",1738,"lower","white",1
"887",1739,"lower","prejudic",1
"888",1740,"m.p.","unit",1
"889",1741,"maintain","disciplin",1
"890",1743,"major","negro",1
"891",1744,"major","peopl",1
"892",1745,"major","unclean",1
"893",1847,"manner","fight",1
"894",1849,"manner","offens",1
"895",1889,"mark","attain",1
"896",1890,"mark","guid",1
"897",1891,"marri","armi",1
"898",1893,"marri","home",1
"899",1895,"martial","eat",1
"900",1896,"mass","color",1
"901",1897,"mass","irregardless",1
"902",1898,"match","alik",1
"903",1911,"mean","american",1
"904",1912,"mean","right",1
"905",1914,"mean","live",1
"906",1915,"mean","lot",1
"907",1920,"merger","lower",1
"908",1921,"merger","moral",1
"909",1922,"mess","hall",4
"910",1923,"mess","sleep",2
"911",1925,"method","armi",1
"912",1927,"mexican","negro",1
"913",1928,"mexican","seper",1
"914",1929,"negro","unclear",1
"915",1931,"negro","gather",1
"916",1932,"militari","count",1
"917",1933,"militari","polic",1
"918",1934,"militari","polic",1
"919",1935,"mind","free",1
"920",1936,"mind","negro",1
"921",1938,"mind","white",1
"922",1941,"mind","soldier",1
"923",1942,"mingl","[/unclear",1
"924",1943,"mingl","negro",1
"925",1944,"mingl","negro",1
"926",1945,"mingl","white",1
"927",1946,"minor","race",1
"928",1947,"minor","unclear",1
"929",1948,"mistreat","unclear",1
"930",1950,"mix","armi",1
"931",1952,"mix","black",1
"932",1953,"mix","camp",1
"933",1954,"mix","class",1
"934",1955,"mix","content",1
"935",1956,"mix","creat",1
"936",1957,"mix","extent",1
"937",1958,"mix","gather",1
"938",1961,"mix","live",1
"939",1963,"mix","negro",2
"940",1964,"mix","negro",3
"941",1965,"mix","noncom",1
"942",1966,"mix","offic",1
"943",1967,"mix","oil",1
"944",1968,"mix","peopl",2
"945",1970,"mix","pull",1
"946",1971,"mix","race",1
"947",1972,"mix","soldier",3
"948",1973,"mix","troubl",1
"949",1974,"mix","water",1
"950",1975,"mix","white",6
"951",1976,"mix","white",2
"952",1977,"mix","color",1
"953",1978,"mix","combat",1
"954",1979,"mix","depend",1
"955",1980,"mix","m.p.",1
"956",1981,"mix","outfit",8
"957",1982,"mix","race",1
"958",1983,"mix","unit",1
"959",1984,"mix","negro",1
"960",1985,"mix","white",1
"961",1987,"mix","color",2
"962",1988,"mix","fight",1
"963",1989,"mixtur","class",1
"964",1991,"monkei","lot",1
"965",1992,"moral","builder",1
"966",1993,"moral","compani",1
"967",1994,"moral","moral",2
"968",1995,"moral","peopl",1
"969",1996,"moral","white",1
"970",1997,"moral","armi",1
"971",2000,"moral","drop",1
"972",2001,"moral","lot",1
"973",2002,"moral","outlook",1
"974",2003,"moral","race",2
"975",2004,"moral","soldier",2
"976",2005,"moral","white",2
"977",2006,"moral","white",1
"978",2007,"motion","armi",1
"979",2008,"move","live",1
"980",2053,"myth","color",1
"981",2054,"myth","peopl",1
"982",2055,"narrow","mind",1
"983",2056,"nasti","unfair",1
"984",2057,"nasti","yellow",1
"985",2058,"nation","combat",1
"986",2060,"nation","serv",1
"987",2062,"natur","competit",1
"988",2063,"natur","friction",1
"989",2065,"natur","mix",1
"990",2066,"natur","oppos",1
"991",2067,"natur","person",1
"992",2068,"natur","teach",1
"993",2069,"natur","tendenc",1
"994",2071,"natur","white",1
"995",2072,"natur","question",1
"996",2073,"nco","versa",1
"997",2074,"nco","vice",1
"998",2080,"negro","agre",1
"999",2082,"negro","stai",1
"1000",2083,"negro","act",1
"1001",2085,"negro","alow",1
"1002",2087,"negro","aris",1
"1003",2088,"negro","associ",1
"1004",2089,"negro","barrack",1
"1005",2093,"negro","boi",1
"1006",2094,"negro","buddi",1
"1007",2095,"negro","carri",1
"1008",2096,"negro","cent",1
"1009",2097,"negro","chanc",3
"1010",2098,"negro","clean",1
"1011",2099,"negro","cleaner",1
"1012",2100,"negro","close",1
"1013",2102,"negro","competit",1
"1014",2103,"negro","definit",1
"1015",2104,"negro","delet",1
"1016",2106,"negro","dirti",3
"1017",2107,"negro","discrimin",1
"1018",2108,"negro","diseas",1
"1019",2109,"negro","drill",1
"1020",2110,"negro","eat",1
"1021",2111,"negro","feel",1
"1022",2112,"negro","fight",1
"1023",2113,"negro","outfit",1
"1024",2115,"negro","gather",1
"1025",2118,"negro","happier",2
"1026",2121,"negro","leader",1
"1027",2122,"negro","leav",1
"1028",2125,"negro","live",4
"1029",2126,"negro","lot",1
"1030",2128,"negro","meet",1
"1031",2129,"negro","mix",5
"1032",2132,"negro","negro",1
"1033",2133,"negro","negro",1
"1034",2134,"negro","northern",1
"1035",2136,"negro","offic",1
"1036",2137,"negro","offic",1
"1037",2138,"negro","outfit",5
"1038",2139,"negro","peopl",1
"1039",2140,"negro","peopl",1
"1040",2142,"negro","posit",1
"1041",2143,"negro","prefer",1
"1042",2145,"negro","race",2
"1043",2146,"negro","reckless",1
"1044",2148,"negro","right",1
"1045",2149,"negro","ruin",1
"1046",2151,"negro","seldom",1
"1047",2152,"negro","separ",3
"1048",2153,"negro","sever",1
"1049",2154,"negro","sgt",1
"1050",2156,"negro","sleep",1
"1051",2157,"negro","sleep",1
"1052",2158,"negro","soldier",17
"1053",2159,"negro","soldier",1
"1054",2160,"negro","special",1
"1055",2161,"negro","stai",3
"1056",2163,"negro","talent",1
"1057",2164,"negro","talk",1
"1058",2165,"negro","tent",1
"1059",2167,"negro","top",1
"1060",2168,"negro","trait",1
"1061",2169,"negro","troop",1
"1062",2170,"negro","troubl",2
"1063",2172,"negro","unclear",4
"1064",2173,"negro","understand",1
"1065",2174,"negro","uniti",1
"1066",2175,"negro","vice",1
"1067",2177,"negro","white",13
"1068",2178,"negro","white",1
"1069",2179,"negro","white",1
"1070",2180,"negro","wood",1
"1071",2182,"negro","boi",1
"1072",2184,"negro","learn",1
"1073",2185,"negro","soldier",3
"1074",2186,"negro","tend",1
"1075",2187,"negro","white",1
"1076",2188,"negro","abus",1
"1077",2189,"negro","bad",1
"1078",2192,"negro","buddi",1
"1079",2193,"negro","busi",1
"1080",2195,"negro","chanc",1
"1081",2196,"negro","chines",1
"1082",2197,"negro","competit",1
"1083",2198,"negro","competit",1
"1084",2199,"negro","dirti",1
"1085",2200,"negro","eat",1
"1086",2201,"negro","equal",1
"1087",2202,"negro","equal",1
"1088",2203,"negro","establish",1
"1089",2204,"negro","extent",1
"1090",2205,"negro","feel",1
"1091",2209,"negro","happier",1
"1092",2211,"negro","human",1
"1093",2212,"negro","inch",1
"1094",2213,"negro","inferior",1
"1095",2214,"negro","intellig",1
"1096",2216,"negro","learn",1
"1097",2220,"negro","mix",2
"1098",2221,"negro","negro",2
"1099",2222,"negro","noncom",2
"1100",2223,"negro","offic",1
"1101",2224,"negro","outfit",1
"1102",2225,"negro","peopl",1
"1103",2226,"negro","prevent",1
"1104",2227,"negro","proud",1
"1105",2228,"negro","riot",1
"1106",2229,"negro","satisfi",1
"1107",2231,"negro","separ",1
"1108",2232,"negro","sleep",1
"1109",2233,"negro","social",1
"1110",2234,"negro","soldier",1
"1111",2235,"negro","southern",1
"1112",2236,"negro","stai",1
"1113",2237,"negro","superfici",1
"1114",2238,"negro","tend",1
"1115",2240,"negro","treat",1
"1116",2242,"negro","white",7
"1117",2243,"negro","white",2
"1118",2245,"negro","camp",1
"1119",2247,"negro","offic",1
"1120",2248,"negro","adapt",1
"1121",2249,"negro","deseas",1
"1122",2250,"negro","fight",1
"1123",2251,"negro","love",1
"1124",2252,"negro","mix",1
"1125",2254,"negro","satisfi",1
"1126",2256,"negro","suscept",1
"1127",2257,"negro","war",1
"1128",2258,"negro","white",1
"1129",2259,"negro","white",1
"1130",2262,"negro","white",1
"1131",2263,"negro","bad",2
"1132",2266,"negro","idea",1
"1133",2267,"negro","labor",1
"1134",2268,"negro","odor",1
"1135",2269,"negro","understand",1
"1136",2270,"negro","white",1
"1137",2271,"negro","white",1
"1138",2274,"nice","heart",1
"1139",2276,"night","field",1
"1140",2277,"night","patrol",1
"1141",2279,"noncom","commiss",1
"1142",2280,"noncom","offic",2
"1143",2281,"noncom","reciproc",1
"1144",2282,"noncom","tend",1
"1145",2283,"noncom","offic",1
"1146",2284,"noncom","privat",1
"1147",2287,"noncom","cooper",1
"1148",2288,"noncom","offic",1
"1149",2289,"noncom","return",1
"1150",2290,"north","toler",1
"1151",2291,"northern","live",1
"1152",2292,"northern","negro",1
"1153",2293,"northern","southern",1
"1154",2295,"northern","white",1
"1155",2296,"northern","boi",1
"1156",2298,"northern","negro",1
"1157",2302,"obei","black",1
"1158",2303,"obei","negro",1
"1159",2304,"obei","offic",1
"1160",2309,"occur","unclear",1
"1161",2310,"odor","perspir",1
"1162",2311,"odor","finger",1
"1163",2312,"odor","habit",1
"1164",2313,"odor","light",1
"1165",2315,"offic","cooper",1
"1166",2316,"offic","enlist",1
"1167",2319,"offic","race",1
"1168",2320,"offic","return",1
"1169",2321,"offic","white",1
"1170",2323,"offic","noncom",1
"1171",2324,"offic","cooper",1
"1172",2325,"offic","line",1
"1173",2327,"offic","nco",1
"1174",2328,"offic","privat",1
"1175",2329,"offic","vice",1
"1176",2330,"oil","water",1
"1177",2347,"oper","complic",1
"1178",2348,"oper","machin",1
"1179",2350,"opinion","offic",1
"1180",2351,"opinion","seper",1
"1181",2352,"opinion","soldier",1
"1182",2354,"opportun","credit",1
"1183",2356,"oppos","class",1
"1184",2357,"oppos","mix",1
"1185",2358,"oppos","negro",1
"1186",2359,"oppos","peopl",1
"1187",2374,"organ","combin",1
"1188",2375,"organ","note",1
"1189",2376,"organ","race",1
"1190",2377,"organ","retard",1
"1191",2378,"organ","war",1
"1192",2381,"outfit","war",1
"1193",2382,"outfit","accustom",1
"1194",2383,"outfit","argument",1
"1195",2384,"outfit","bad",1
"1196",2385,"outfit","bear",1
"1197",2387,"outfit","bunch",1
"1198",2389,"outfit","chanc",2
"1199",2390,"outfit","circumst",1
"1200",2391,"outfit","close",1
"1201",2392,"outfit","color",1
"1202",2393,"outfit","color",1
"1203",2394,"outfit","combat",1
"1204",2395,"outfit","cooper",1
"1205",2396,"outfit","depend",1
"1206",2398,"outfit","distinguish",1
"1207",2399,"outfit","eat",1
"1208",2400,"outfit","effect",1
"1209",2401,"outfit","effici",1
"1210",2403,"outfit","feel",1
"1211",2404,"outfit","fight",1
"1212",2405,"outfit","gain",1
"1213",2407,"outfit","harder",1
"1214",2408,"outfit","idea",1
"1215",2409,"outfit","inferior",1
"1216",2412,"outfit","live",1
"1217",2416,"outfit","mingl",1
"1218",2417,"outfit","mix",1
"1219",2418,"outfit","negro",1
"1220",2419,"outfit","negro",4
"1221",2420,"outfit","negro",1
"1222",2421,"outfit","offic",1
"1223",2422,"outfit","opinion",1
"1224",2423,"outfit","personnel",1
"1225",2425,"outfit","prefer",1
"1226",2426,"outfit","prevent",1
"1227",2427,"outfit","race",1
"1228",2428,"outfit","resent",1
"1229",2429,"outfit","separ",1
"1230",2431,"outfit","southern",1
"1231",2432,"outfit","southern",1
"1232",2433,"outfit","suggest",1
"1233",2435,"outfit","troubl",1
"1234",2437,"outfit","unclear",1
"1235",2438,"outfit","white",3
"1236",2439,"outfit","white",1
"1237",2444,"outfit","segreg",1
"1238",2447,"outlook","peopl",1
"1239",2448,"outlook","sanit",1
"1240",2450,"overbear","negro",1
"1241",2451,"overrun","negro",1
"1242",2452,"overrun","soldier",1
"1243",2453,"ow","situat",1
"1244",2455,"paragraph","myth",1
"1245",2456,"partial","select",1
"1246",2464,"peac","outfit",1
"1247",2465,"pecular","peculiar",1
"1248",2466,"peopl","accept",1
"1249",2467,"peopl","advantag",1
"1250",2468,"peopl","avoid",1
"1251",2469,"peopl","belong",1
"1252",2470,"peopl","cent",1
"1253",2471,"peopl","color",1
"1254",2472,"peopl","color",1
"1255",2474,"peopl","discrimin",1
"1256",2475,"peopl","discrimin",1
"1257",2476,"peopl","educ",1
"1258",2479,"peopl","grudg",1
"1259",2480,"peopl","heart",1
"1260",2481,"peopl","inferior",1
"1261",2484,"peopl","learn",1
"1262",2486,"peopl","lot",1
"1263",2488,"peopl","meet",1
"1264",2489,"peopl","mingl",1
"1265",2490,"peopl","mix",2
"1266",2491,"peopl","negro",1
"1267",2492,"peopl","negro",6
"1268",2493,"peopl","negro",3
"1269",2494,"peopl","nice",1
"1270",2496,"peopl","outfit",1
"1271",2497,"peopl","peopl",2
"1272",2499,"peopl","satisfi",1
"1273",2502,"peopl","south",1
"1274",2503,"peopl","stand",1
"1275",2504,"peopl","superior",1
"1276",2506,"peopl","tend",1
"1277",2507,"peopl","tendenc",1
"1278",2511,"peopl","troubl",1
"1279",2512,"peopl","trust",1
"1280",2514,"peopl","understand",1
"1281",2515,"peopl","understand",1
"1282",2518,"peopl","dirti",1
"1283",2519,"perform","armi",1
"1284",2520,"perform","life",1
"1285",2522,"person","armi",1
"1286",2523,"person","fight",1
"1287",2524,"person","sleep",1
"1288",2526,"person","educ",1
"1289",2527,"person","feel",1
"1290",2528,"person","prejudic",1
"1291",2529,"person","reason",1
"1292",2530,"personnel","ideal",1
"1293",2531,"personnel","mean",1
"1294",2532,"personnel","treat",1
"1295",2533,"perspir","peopl",1
"1296",2534,"perspir","white",1
"1297",2535,"phase","feel",1
"1298",2537,"pick","special",1
"1299",2539,"pick","unclear",1
"1300",2551,"plai","foxcut",1
"1301",2552,"plenti","fight",1
"1302",2556,"poor","camp",1
"1303",2557,"poor","devil",2
"1304",2558,"poor","fight",1
"1305",2559,"poor","human",1
"1306",2560,"poor","outfit",1
"1307",2563,"posit","advanc",1
"1308",2565,"posit","troubl",1
"1309",2570,"postwar","understand",1
"1310",2571,"power","push",1
"1311",2572,"practic","educ",1
"1312",2573,"practic","necess",1
"1313",2574,"practic","bring",1
"1314",2575,"practic","negro",1
"1315",2577,"preced","peac",1
"1316",2578,"preced","question",1
"1317",2580,"prejudic","eras",1
"1318",2581,"prejudic","strong",1
"1319",2582,"prefer","outfit",1
"1320",2583,"prefer","respect",1
"1321",2586,"prejudic","delet",1
"1322",2587,"prejudic","exist",2
"1323",2588,"prejudic","exist",1
"1324",2589,"prejudic","feel",1
"1325",2591,"prejudic","hat",1
"1326",2593,"prejudic","negro",1
"1327",2594,"prejudic","negro",1
"1328",2603,"prevent","argument",3
"1329",2604,"prevent","feel",1
"1330",2605,"prevent","fight",1
"1331",2606,"prevent","friction",3
"1332",2609,"prevent","race",1
"1333",2610,"prevent","riot",1
"1334",2611,"prevent","troubl",1
"1335",2612,"prevent","unnecessari",1
"1336",2613,"prevent","white",1
"1337",2615,"previou","question",2
"1338",2616,"previou","statement",1
"1339",2617,"pride","outfit",1
"1340",2618,"privat","respect",1
"1341",2619,"privileg","soldier",1
"1342",2620,"privileg","white",1
"1343",2621,"privileg","chanc",1
"1344",2622,"privileg","white",1
"1345",2623,"privileg","white",1
"1346",2625,"proceed","statement",1
"1347",2626,"promot","feel",2
"1348",2627,"promot","uniti",1
"1349",2628,"proud","accomplish",1
"1350",2629,"proud","outfit",1
"1351",2630,"prove","abil",1
"1352",2632,"prove","worth",1
"1353",2633,"punish","manner",1
"1354",2647,"qualifi","necess",1
"1355",2648,"qualifi","practic",1
"1356",2649,"qualifi","negro",1
"1357",2650,"quarrel","content",1
"1358",2651,"quell","prejudic",1
"1359",2652,"question","creep",1
"1360",2654,"question","impract",1
"1361",2657,"question","negro",2
"1362",2659,"question","paragraph",1
"1363",2660,"question","peac",1
"1364",2661,"question","race",1
"1365",2662,"question","superior",1
"1366",2663,"question","white",1
"1367",2667,"quick","white",1
"1368",2669,"quot","[/unclear",1
"1369",2670,"race","agre",1
"1370",2671,"race","attitud",1
"1371",2674,"race","cent",1
"1372",2675,"race","cleaner",1
"1373",2676,"race","color",3
"1374",2678,"race","cooper",1
"1375",2679,"race","creed",1
"1376",2680,"race","devil",1
"1377",2682,"race","fight",1
"1378",2683,"race","hat",2
"1379",2685,"race","mingl",1
"1380",2686,"race","mix",2
"1381",2688,"race","peopl",3
"1382",2689,"race","person",1
"1383",2690,"race","poor",1
"1384",2691,"race","power",1
"1385",2692,"race","prejudic",2
"1386",2693,"race","push",1
"1387",2694,"race","riot",1
"1388",2695,"race","separ",4
"1389",2696,"race","seper",1
"1390",2697,"race","superior",1
"1391",2698,"race","unclear",1
"1392",2700,"race","versa",1
"1393",2701,"race","white",1
"1394",2702,"race","win",1
"1395",2704,"race","color",1
"1396",2705,"race","divid",1
"1397",2706,"race","enjoi",1
"1398",2707,"race","gel",1
"1399",2709,"race","individu",1
"1400",2710,"race","interbre",1
"1401",2711,"race","lead",1
"1402",2713,"race","mix",3
"1403",2714,"race","unit",1
"1404",2716,"race","feel",1
"1405",2717,"race","mix",1
"1406",2719,"racial","delet",1
"1407",2720,"racial","differ",3
"1408",2721,"racial","difficulti",1
"1409",2722,"racial","discontent",1
"1410",2723,"racial","discrimin",1
"1411",2724,"racial","exist",1
"1412",2725,"racial","exist",1
"1413",2726,"racial","hard",1
"1414",2727,"racial","hatr",1
"1415",2728,"racial","hatr",1
"1416",2729,"racial","prejudic",3
"1417",2730,"racial","prejudic",3
"1418",2731,"racial","prejudic",1
"1419",2732,"racial","pride",1
"1420",2733,"racial","superior",1
"1421",2734,"racial","tend",1
"1422",2735,"racial","white",1
"1423",2736,"rain","basic",1
"1424",2737,"raini","season",1
"1425",2739,"rais","negro",1
"1426",2740,"rang","record",1
"1427",2742,"rank","fight",1
"1428",2743,"rank","peopl",1
"1429",2744,"rank","white",1
"1430",2745,"rank","white",1
"1431",2747,"ration","armi",1
"1432",2749,"realiz","hard",1
"1433",2751,"reason","educ",1
"1434",2752,"reason","fellow",1
"1435",2755,"reason","list",1
"1436",2757,"reason","peopl",1
"1437",2759,"reason","question",7
"1438",2760,"reason","separ",1
"1439",2761,"reason","soldier",1
"1440",2762,"reason","south",1
"1441",2765,"reason","white",1
"1442",2766,"recept","classifi",1
"1443",2767,"reciproc","bulli",1
"1444",2768,"reciproc","privat",1
"1445",2769,"reciproc","white",1
"1446",2770,"reckless","cleanli",1
"1447",2771,"record","establish",1
"1448",2772,"record","negro",1
"1449",2773,"record","rain",1
"1450",2777,"regiment","compani",1
"1451",2780,"relationship","understand",1
"1452",2781,"relish","idea",1
"1453",2783,"remov","idea",1
"1454",2784,"remov","race",1
"1455",2785,"replac","unclear",1
"1456",2787,"resent","negro",1
"1457",2788,"resent","negro",1
"1458",2791,"resent","enmiti",1
"1459",2792,"resent","antinegro",1
"1460",2794,"respect","outfit",1
"1461",2796,"respond","negro",1
"1462",2797,"restraint","outfit",1
"1463",2798,"result","friction",1
"1464",2800,"result","mix",1
"1465",2801,"result","set",1
"1466",2802,"result","troubl",1
"1467",2803,"retard","effort",1
"1468",2804,"retard","war",1
"1469",2805,"return","night",1
"1470",2806,"return","noncom",1
"1471",2812,"right","black",1
"1472",2813,"right","equal",1
"1473",2814,"right","freedom",1
"1474",2816,"right","privileg",1
"1475",2817,"right","white",1
"1476",2818,"riot","disord",1
"1477",2821,"riot","unclear",1
"1478",2823,"roof","healthi",1
"1479",2824,"roof","stai",1
"1480",2828,"ruin","moral",1
"1481",2830,"rule","cooper",1
"1482",2831,"rule","race",1
"1483",2833,"run","negro",1
"1484",2835,"rush","wait",1
"1485",2836,"safe","intermingl",1
"1486",2838,"sanitari","reason",1
"1487",2839,"sanit","peopl",1
"1488",2840,"sanit","white",1
"1489",2842,"satisfi","command",1
"1490",2843,"satisfi","outfit",1
"1491",2844,"satisfi","stand",1
"1492",2846,"satisfi","white",1
"1493",2847,"satisfi","outfit",1
"1494",2849,"save","lot",1
"1495",2850,"save","troubl",1
"1496",2861,"sea","fight",1
"1497",2862,"section","countri",2
"1498",2864,"section","negro",1
"1499",2865,"section","separ",1
"1500",2866,"section","town",1
"1501",2898,"segreg","respect",1
"1502",2901,"segreg","result",1
"1503",2902,"select","abil",1
"1504",2905,"seldom","friendli",1
"1505",2906,"select","noncom",1
"1506",2913,"separ","outfit",1
"1507",2914,"separ","troubl",1
"1508",2915,"separ","white",1
"1509",2916,"separ","accomplish",1
"1510",2917,"separ","achiev",1
"1511",2918,"separ","adapt",1
"1512",2919,"separ","argument",1
"1513",2920,"separ","barrack",2
"1514",2923,"separ","camp",2
"1515",2925,"separ","chanc",1
"1516",2926,"separ","color",1
"1517",2927,"separ","depend",1
"1518",2928,"separ","disast",1
"1519",2929,"separ","effici",2
"1520",2930,"separ","faction",1
"1521",2931,"separ","feel",1
"1522",2932,"separ","fight",1
"1523",2933,"separ","fight",1
"1524",2934,"separ","outfit",1
"1525",2935,"separ","friction",1
"1526",2936,"separ","friend",1
"1527",2941,"separ","live",1
"1528",2944,"separ","matter",1
"1529",2946,"separ","mix",1
"1530",2947,"separ","negro",1
"1531",2948,"separ","negro",1
"1532",2949,"separ","outfit",33
"1533",2951,"separ","prevent",1
"1534",2953,"separ","quarter",1
"1535",2954,"separ","race",2
"1536",2955,"separ","separ",1
"1537",2956,"separ","sleep",1
"1538",2957,"separ","soldier",1
"1539",2958,"separ","suggest",1
"1540",2961,"separ","troop",1
"1541",2963,"separ","unit",2
"1542",2964,"separ","victori",1
"1543",2965,"separ","white",4
"1544",2966,"separ","white",1
"1545",2971,"separ","in th",1
"1546",2972,"seper","unclear",1
"1547",2974,"seper","camp",1
"1548",2975,"seper","outfit",4
"1549",2976,"seper","quarter",1
"1550",2977,"seper","sea",1
"1551",2978,"seper","unit",1
"1552",2979,"seper","prefer",1
"1553",2980,"separ","unclear",1
"1554",2981,"separ","outfit",1
"1555",2982,"separ","separ",1
"1556",2985,"serv","feel",1
"1557",2986,"serv","mix",1
"1558",2987,"serv","outfit",1
"1559",2988,"serv","race",1
"1560",2990,"servic","recept",1
"1561",2991,"sever","disciplin",1
"1562",2992,"share","color",1
"1563",2993,"share","latrin",1
"1564",2995,"shed","blood",1
"1565",2997,"shoulder","shoulder",1
"1566",3007,"shower","negro",1
"1567",3015,"signal","corp",1
"1568",3019,"singl","reason",1
"1569",3020,"singl","south",1
"1570",3021,"sit","close",1
"1571",3023,"slave","treat",1
"1572",3024,"sleep","barrack",2
"1573",3025,"sleep","eat",8
"1574",3026,"sleep","negro",3
"1575",3027,"sleep","negro",1
"1576",3028,"sleep","negro",1
"1577",3029,"sleep","outfit",1
"1578",3031,"sleep","soldier",1
"1579",3032,"sleep","unclear",1
"1580",3033,"sleep","white",1
"1581",3034,"sleep","eat",1
"1582",3035,"sleep","quarter",1
"1583",3039,"slower","pick",1
"1584",3041,"smell","goat",1
"1585",3042,"smell","sweat",1
"1586",3043,"social","diseas",1
"1587",3044,"social","dissens",1
"1588",3045,"social","equal",1
"1589",3046,"sociologist","negro",1
"1590",3048,"social","unclear",1
"1591",3049,"soldier","shoulder",1
"1592",3050,"soldier","benefit",1
"1593",3053,"soldier","care",1
"1594",3054,"soldier","chanc",1
"1595",3055,"soldier","chang",1
"1596",3057,"soldier","drink",1
"1597",3058,"soldier","drop",1
"1598",3059,"soldier","feel",1
"1599",3061,"soldier","funni",1
"1600",3064,"soldier","head",1
"1601",3066,"soldier","learn",1
"1602",3068,"soldier","live",2
"1603",3070,"soldier","matter",1
"1604",3071,"soldier","mind",1
"1605",3072,"soldier","mix",3
"1606",3073,"soldier","mix",1
"1607",3074,"soldier","narrow",1
"1608",3075,"soldier","negro",1
"1609",3077,"soldier","obei",1
"1610",3078,"soldier","offend",1
"1611",3079,"soldier","oper",1
"1612",3080,"soldier","outfit",4
"1613",3081,"soldier","overlook",1
"1614",3082,"soldier","overrun",1
"1615",3084,"soldier","peopl",1
"1616",3085,"soldier","prejudic",1
"1617",3086,"soldier","privileg",1
"1618",3087,"soldier","section",1
"1619",3089,"soldier","separ",2
"1620",3090,"soldier","separ",1
"1621",3091,"soldier","seper",1
"1622",3092,"soldier","slower",1
"1623",3093,"soldier","soldier",1
"1624",3094,"soldier","south",1
"1625",3095,"soldier","southern",1
"1626",3096,"soldier","superior",1
"1627",3098,"soldier","tend",1
"1628",3100,"soldier","unclear",2
"1629",3104,"soldier","white",2
"1630",3107,"soldier","would not",1
"1631",3108,"soldier","gather",1
"1632",3109,"soldier","negro",1
"1633",3110,"soldier","wood",1
"1634",3111,"sort","avers",1
"1635",3112,"sort","disagr",1
"1636",3113,"sort","feel",1
"1637",3114,"sort","inborn",1
"1638",3115,"sort","independ",1
"1639",3116,"southern","negro",1
"1640",3117,"southern","soldier",1
"1641",3118,"south","explain",2
"1642",3119,"south","fellow",1
"1643",3120,"south","hate",1
"1644",3122,"south","lot",1
"1645",3123,"south","negro",1
"1646",3126,"southern","attitud",1
"1647",3127,"southern","bear",1
"1648",3128,"southern","boi",3
"1649",3130,"southern","includ",1
"1650",3133,"southern","negro",1
"1651",3134,"southern","northern",1
"1652",3135,"southern","obei",1
"1653",3137,"southern","peopl",3
"1654",3138,"southern","prejudic",1
"1655",3140,"southern","race",1
"1656",3141,"southern","resent",1
"1657",3142,"southern","soldier",3
"1658",3143,"southern","soldier",1
"1659",3145,"southern","white",1
"1660",3146,"southern","white",1
"1661",3148,"southern","boi",1
"1662",3149,"southern","mix",1
"1663",3150,"southern","soldier",1
"1664",3151,"southern","feel",1
"1665",3152,"southern","hell",1
"1666",3153,"southern","mix",1
"1667",3154,"southern","northern",1
"1668",3155,"southern","outfit",1
"1669",3158,"southern","white",1
"1670",3159,"southern","acquaint",1
"1671",3160,"southern","courtmarti",1
"1672",3163,"special","soldier",1
"1673",3164,"special","trait",1
"1674",3166,"spirit","soldier",1
"1675",3167,"spirit","white",1
"1676",3168,"spirit","white",1
"1677",3169,"squabbl","account",1
"1678",3170,"squabbl","differ",1
"1679",3171,"squabbl","racial",1
"1680",3173,"stand","chanc",1
"1681",3175,"stand","negro",1
"1682",3176,"stand","negro",1
"1683",3178,"standard","hygen",1
"1684",3179,"standard","live",1
"1685",3180,"standard","live",2
"1686",3182,"standard","white",2
"1687",3183,"standpoint","southern",1
"1688",3185,"start","fight",4
"1689",3186,"start","friction",1
"1690",3189,"start","raini",1
"1691",3190,"start","riot",1
"1692",3191,"start","season",1
"1693",3192,"start","white",1
"1694",3197,"statement","lead",1
"1695",3198,"station","nativ",1
"1696",3199,"stai","clean",1
"1697",3200,"stai","comm",1
"1698",3201,"stai","race",1
"1699",3202,"stai","healthi",1
"1700",3203,"stai","home",1
"1701",3204,"stai","outfit",2
"1702",3206,"stai","race",1
"1703",3209,"stai","week",1
"1704",3210,"stink","unclear",1
"1705",3211,"stomach","chang",1
"1706",3212,"strife","troubl",1
"1707",3214,"stripe","suit",1
"1708",3215,"strive","credit",1
"1709",3217,"strong","armi",1
"1710",3218,"strong","intermingl",1
"1711",3219,"strong","weakest",1
"1712",3221,"subscrib","question",1
"1713",3222,"suscept","deseas",1
"1714",3224,"suit","unclear",1
"1715",3225,"suitabl","climat",1
"1716",3226,"suit","job",1
"1717",3228,"superior","complex",1
"1718",3229,"superior","lead",1
"1719",3231,"superior","negro",1
"1720",3232,"superior","race",1
"1721",3233,"superior","soldier",1
"1722",3234,"superior","troubl",1
"1723",3235,"superior","complex",1
"1724",3236,"suppos","grate",1
"1725",3237,"suppos","soldier",1
"1726",3238,"suppos","unit",1
"1727",3246,"surest","ruin",1
"1728",3262,"talent","white",1
"1729",3263,"talk","act",1
"1730",3267,"teach","carri",1
"1731",3268,"teach","diseas",1
"1732",3269,"teach","negro",1
"1733",3271,"teach","competit",1
"1734",3273,"teach","unifi",1
"1735",3275,"team","exist",1
"1736",3276,"team","obtain",1
"1737",3277,"team","separ",1
"1738",3279,"teamwork","harmoni",1
"1739",3283,"temper","moral",1
"1740",3284,"tend","bulli",1
"1741",3285,"tend","discrep",1
"1742",3286,"tend","effici",1
"1743",3287,"tend","impair",1
"1744",3288,"tend","reciproc",1
"1745",3289,"tend","separ",1
"1746",3290,"tend","underdog",1
"1747",3291,"tendenc","class",1
"1748",3292,"tendenc","lower",1
"1749",3293,"tendenc","mix",1
"1750",3294,"tendenc","moral",1
"1751",3295,"tendenc","oppos",1
"1752",3296,"tendenc","overbear",1
"1753",3297,"tendenc","peopl",1
"1754",3298,"tendenc","white",1
"1755",3299,"tent","barrack",1
"1756",3300,"test","monkei",1
"1757",3305,"theori","racial",1
"1758",3306,"theori","superior",1
"1759",3396,"tie","armi",1
"1760",3397,"tie","soldier",1
"1761",3398,"tie","southern",1
"1762",3401,"time","argu",1
"1763",3403,"time","choos",1
"1764",3405,"time","concentr",1
"1765",3406,"time","fight",1
"1766",3410,"time","saver",1
"1767",3412,"time","start",1
"1768",3413,"time","wast",1
"1769",3416,"tip","peopl",1
"1770",3418,"total","negro",1
"1771",3419,"total","outfit",1
"1772",3420,"trace","distinct",1
"1773",3421,"track","diseas",1
"1774",3422,"tradit","peopl",1
"1775",3423,"train","accept",1
"1776",3424,"train","harder",1
"1777",3425,"train","peopl",1
"1778",3426,"train","soldier",1
"1779",3427,"train","white",1
"1780",3430,"train","separ",1
"1781",3431,"trait","soldier",1
"1782",3432,"treat","dog",1
"1783",3433,"treat","equal",1
"1784",3434,"treat","slave",1
"1785",3436,"troop","background",1
"1786",3437,"troop","fight",1
"1787",3438,"troop","lower",1
"1788",3439,"troop","separ",1
"1789",3441,"troubl","answer",1
"1790",3442,"troubl","aris",1
"1791",3443,"troubl","delet",1
"1792",3444,"troubl","diseas",1
"1793",3445,"troubl","feel",1
"1794",3446,"troubl","handl",1
"1795",3447,"troubl","intermingl",1
"1796",3448,"troubl","maker",1
"1797",3449,"troubl","mix",1
"1798",3450,"troubl","mix",1
"1799",3451,"troubl","negro",1
"1800",3452,"troubl","outfit",2
"1801",3453,"troubl","race",1
"1802",3454,"troubl","race",2
"1803",3455,"troubl","result",1
"1804",3456,"troubl","soldier",1
"1805",3457,"troubl","start",1
"1806",3458,"troubl","time",2
"1807",3459,"troubl","white",2
"1808",3460,"troubl","white",1
"1809",3461,"troubl","negro",1
"1810",3462,"truck","drive",1
"1811",3463,"truck","garbag",1
"1812",3465,"trust","fight",1
"1813",3466,"trust","mix",1
"1814",3467,"trust","negro",1
"1815",3484,"twain","meet",1
"1816",3485,"type","class",1
"1817",3486,"type","peopl",1
"1818",3487,"unaccustom","live",1
"1819",3488,"unaccustom","negro",1
"1820",3489,"unclean","diseas",1
"1821",3490,"unclean","filthi",1
"1822",3491,"unclean","rate",1
"1823",3492,"unclear","[/unclear",3
"1824",3493,"unclear","affect",1
"1825",3494,"unclear","armi",1
"1826",3495,"unclear","bad",2
"1827",3497,"unclear","car",1
"1828",3498,"unclear","characterist",1
"1829",3499,"unclear","clean",1
"1830",3500,"unclear","color",1
"1831",3501,"unclear","competit",1
"1832",3504,"unclear","die",1
"1833",3506,"unclear","dress",1
"1834",3507,"unclear","eas",1
"1835",3508,"unclear","form",1
"1836",3509,"unclear","gather",1
"1837",3510,"unclear","hall",1
"1838",3511,"unclear","head",1
"1839",3512,"unclear","kick",1
"1840",3513,"unclear","lead",1
"1841",3514,"unclear","live",1
"1842",3518,"unclear","mess",1
"1843",3519,"unclear","negro",1
"1844",3520,"unclear","negro",1
"1845",3521,"unclear","mingl",1
"1846",3522,"unclear","minor",1
"1847",3523,"unclear","mistreat",1
"1848",3524,"unclear","mix",1
"1849",3525,"unclear","moral",1
"1850",3526,"unclear","negro",1
"1851",3527,"unclear","occur",1
"1852",3528,"unclear","outfit",2
"1853",3529,"unclear","peopl",1
"1854",3530,"unclear","poor",1
"1855",3532,"unclear","privileg",1
"1856",3533,"unclear","quot",1
"1857",3534,"unclear","race",1
"1858",3535,"unclear","race",1
"1859",3536,"unclear","rais",1
"1860",3537,"unclear","replac",1
"1861",3539,"unclear","seper",1
"1862",3540,"unclear","social",1
"1863",3541,"unclear","soldier",1
"1864",3542,"unclear","spirit",1
"1865",3543,"unclear","unclear",42
"1866",3545,"unclear","white",3
"1867",3546,"unclear","win",1
"1868",3548,"uncomfort","race",1
"1869",3549,"uncomfort","white",1
"1870",3550,"unconsider","white",1
"1871",3552,"underdog","negro",1
"1872",3554,"underlin","underlin",1
"1873",3555,"understand","american",1
"1874",3558,"understand","fellow",1
"1875",3560,"understand","mean",1
"1876",3561,"understand","mix",1
"1877",3562,"understand","peopl",1
"1878",3563,"undesir","result",1
"1879",3564,"undesir","result",1
"1880",3565,"undesir","undesir",1
"1881",3566,"unnecessari","argument",1
"1882",3567,"unnecessari","fight",1
"1883",3568,"unfair","fighter",1
"1884",3569,"unifi","bear",1
"1885",3570,"unifi","corp",1
"1886",3571,"unit","mix",1
"1887",3572,"unit","peopl",1
"1888",3573,"unit","achiev",1
"1889",3574,"unit","develop",1
"1890",3575,"unit","segreg",1
"1891",3576,"unit","victori",1
"1892",3578,"uniti","tie",1
"1893",3579,"unusu","amount",1
"1894",3580,"unusu","lost",1
"1895",3581,"unusu","motion",1
"1896",3598,"versa","understand",1
"1897",3599,"view","devil",1
"1898",3600,"view","poor",1
"1899",3601,"vice","versa",1
"1900",3602,"victori","separ",1
"1901",3604,"view","race",1
"1902",3605,"vice","versa",1
"1903",3606,"volunt","mix",1
"1904",3607,"volunt","outfit",1
"1905",3641,"war","american",1
"1906",3642,"war","delet",1
"1907",3643,"war","effort",1
"1908",3644,"war","hurri",1
"1909",3645,"war","job",1
"1910",3646,"war","liber",1
"1911",3647,"war","lower",1
"1912",3649,"war","moral",1
"1913",3650,"war","person",1
"1914",3651,"war","stai",1
"1915",3652,"war","win",1
"1916",3676,"weakest","bad",1
"1917",3677,"weakest","feel",1
"1918",3678,"weakest","link",1
"1919",3679,"week","advantag",1
"1920",3682,"week","train",1
"1921",3685,"west","twain",1
"1922",3686,"wet","cold",1
"1923",3688,"white","adjust",1
"1924",3689,"white","bad",1
"1925",3692,"white","belong",1
"1926",3695,"white","black",5
"1927",3696,"white","black",1
"1928",3697,"white","boi",9
"1929",3698,"white","bring",1
"1930",3699,"white","buddi",1
"1931",3700,"white","care",1
"1932",3701,"white","cent",1
"1933",3702,"white","color",1
"1934",3703,"white","color",4
"1935",3704,"white","color",4
"1936",3705,"white","color",1
"1937",3706,"white","command",1
"1938",3707,"white","complain",1
"1939",3708,"white","control",1
"1940",3709,"white","courtmarti",1
"1941",3710,"white","damn",1
"1942",3712,"white","discrimin",1
"1943",3713,"white","except",1
"1944",3714,"white","exist",1
"1945",3715,"white","feel",4
"1946",3716,"white","fellow",3
"1947",3717,"white","fight",1
"1948",3718,"white","folk",1
"1949",3719,"white","foreman",1
"1950",3720,"white","friendli",1
"1951",3722,"white","gather",1
"1952",3724,"white","hate",1
"1953",3725,"white","head",1
"1954",3726,"white","impos",1
"1955",3727,"white","inferior",1
"1956",3728,"white","intellig",1
"1957",3729,"white","job",1
"1958",3731,"white","learn",2
"1959",3734,"white","live",2
"1960",3735,"white","live",1
"1961",3736,"white","lose",1
"1962",3737,"white","love",1
"1963",3739,"white","mix",8
"1964",3740,"white","nco",1
"1965",3741,"white","negro",1
"1966",3742,"white","negro",20
"1967",3743,"white","negro",1
"1968",3744,"white","negro",6
"1969",3745,"white","negro",1
"1970",3746,"white","northern",1
"1971",3748,"white","obei",1
"1972",3749,"white","offend",1
"1973",3750,"white","offic",2
"1974",3753,"white","outfit",11
"1975",3754,"white","peopl",46
"1976",3755,"white","person",1
"1977",3756,"white","person",1
"1978",3758,"white","prefer",1
"1979",3759,"white","prejudic",3
"1980",3760,"white","privat",1
"1981",3762,"white","quell",1
"1982",3763,"white","race",8
"1983",3764,"white","racial",1
"1984",3765,"white","resent",2
"1985",3766,"white","respect",1
"1986",3767,"white","seldom",1
"1987",3768,"white","separ",2
"1988",3769,"white","seper",1
"1989",3770,"white","sleep",1
"1990",3771,"white","smarter",1
"1991",3772,"white","soldier",43
"1992",3773,"white","soldier",3
"1993",3774,"white","soldier",1
"1994",3775,"white","south",1
"1995",3776,"white","southern",1
"1996",3777,"white","southern",1
"1997",3778,"white","superior",2
"1998",3780,"white","tendenc",1
"1999",3783,"white","troop",3
"2000",3784,"white","troubl",1
"2001",3785,"white","trust",1
"2002",3787,"white","unclear",3
"2003",3788,"white","underlin",1
"2004",3789,"white","unequ",1
"2005",3792,"white","war",1
"2006",3793,"white","white",1
"2007",3794,"white","white",1
"2008",3795,"white","woman",1
"2009",3796,"white","wood",1
"2010",3798,"white","would not",1
"2011",3799,"white","north",1
"2012",3800,"white","white",1
"2013",3801,"white","accustom",1
"2014",3803,"white","bad",1
"2015",3805,"white","fight",2
"2016",3806,"white","fratern",1
"2017",3810,"white","lose",1
"2018",3812,"white","negro",2
"2019",3813,"white","negro",5
"2020",3814,"white","negro",1
"2021",3815,"white","northern",1
"2022",3817,"white","resent",1
"2023",3818,"white","white",3
"2024",3819,"white","white",1
"2025",3821,"white","advantag",1
"2026",3824,"white","fight",1
"2027",3827,"white","live",1
"2028",3828,"white","moral",1
"2029",3829,"white","negro",1
"2030",3830,"white","negro",1
"2031",3844,"win","war",4
"2032",3847,"white","fellow",1
"2033",3848,"white","negro",1
"2034",3898,"world","bless",1
"2035",3899,"worth","effort",1
"2036",3900,"worth","fight",1
"2037",3901,"worth","understand",1
"2038",3907,"wrong","camp",1
"2039",3909,"yellow","fighter",1
"2040",3910,"yellow","unfair",1
